cart_id,user_id,product_id,added_at,days_in_cart,referrer,quantity,expected_bucket
CT00001,U0001,P1969,2026-04-02,62,sns_ad,1,클렌징_시즌
CT00002,U0001,P0760,2026-04-29,35,search,1,보관
CT00003,U0001,P1560,2026-04-21,43,category_page,1,고민
CT00004,U0001,P1259,2026-04-10,54,recommendation,1,클렌징_시즌
CT00005,U0001,P0963,2026-04-29,35,search,1,고민
CT00006,U0001,P1021,2026-03-09,86,sns_ad,1,클렌징_시즌
CT00007,U0001,P1910,2026-04-19,45,search,1,보관
CT00008,U0001,P1178,2026-05-01,33,search,1,고민
CT00009,U0001,P1404,2026-05-02,32,search,1,고민
CT00010,U0001,P1482,2026-05-15,19,search,1,보관
CT00011,U0001,P0250,2026-03-30,65,category_page,1,고민
CT00012,U0001,P0574,2026-05-20,14,search,1,보관
CT00013,U0002,P0993,2026-05-24,10,search,1,보관
CT00014,U0002,P1414,2026-04-03,61,category_page,1,고민
CT00015,U0002,P1900,2026-04-14,50,price_drop,1,보관
CT00016,U0002,P0863,2026-04-29,35,price_drop,1,보관
CT00017,U0002,P0140,2026-04-23,41,repurchase_reminder,1,보관
CT00018,U0002,P1560,2026-04-20,44,price_drop,1,보관
CT00019,U0002,P1241,2026-03-29,66,event_banner,1,충동
CT00020,U0002,P1097,2026-03-18,77,event_banner,1,클렌징_시즌
CT00021,U0002,P1780,2026-05-03,31,search,1,보관
CT00022,U0002,P0482,2026-05-03,31,search,1,고민
CT00023,U0002,P1796,2026-04-18,46,category_page,1,고민
CT00024,U0003,P1729,2026-03-06,89,sns_ad,1,클렌징_시즌
CT00025,U0003,P1061,2026-05-15,19,repurchase_reminder,1,보관
CT00026,U0003,P1812,2026-03-25,70,sns_ad,1,충동
CT00027,U0003,P0216,2026-05-05,29,search,1,보관
CT00028,U0003,P1856,2026-02-25,98,event_banner,1,클렌징_시즌
CT00029,U0003,P0868,2026-03-11,84,sns_ad,1,충동
CT00030,U0003,P0935,2026-04-29,35,price_drop,1,보관
CT00031,U0003,P1275,2026-05-08,26,search,1,고민
CT00032,U0003,P0845,2026-04-24,40,search,1,고민
CT00033,U0003,P1969,2026-03-05,90,home_recommendation,1,클렌징_시즌
CT00034,U0003,P1454,2026-02-28,95,sns_ad,1,클렌징_시즌
CT00035,U0003,P0496,2026-05-05,29,repurchase_reminder,1,보관
CT00036,U0004,P0726,2026-04-27,37,repurchase_reminder,1,보관
CT00037,U0004,P1814,2026-03-23,72,home_recommendation,1,충동
CT00038,U0004,P0950,2026-05-14,20,repurchase_reminder,1,보관
CT00039,U0004,P1155,2026-04-03,61,product_detail,1,고민
CT00040,U0004,P0251,2026-02-24,99,recommendation,1,클렌징_니즈해결
CT00041,U0004,P1950,2026-04-06,58,recommendation,1,클렌징_시즌
CT00042,U0004,P1058,2026-03-27,68,recommendation,1,클렌징_니즈해결
CT00043,U0004,P0897,2026-04-25,39,search,1,보관
CT00044,U0004,P0101,2026-05-04,30,price_drop,1,보관
CT00045,U0004,P1209,2026-04-19,45,search,1,보관
CT00046,U0004,P0419,2026-05-20,14,price_drop,1,보관
CT00047,U0005,P0134,2026-05-09,25,search,1,보관
CT00048,U0005,P1113,2026-03-02,93,sns_ad,1,충동
CT00049,U0005,P1791,2026-03-19,76,event_banner,1,충동
CT00050,U0005,P0499,2026-05-11,23,product_detail,1,고민
CT00051,U0005,P1162,2026-04-27,37,search,1,고민
CT00052,U0005,P1499,2026-04-15,49,search,1,고민
CT00053,U0005,P0769,2026-03-19,76,sns_ad,1,충동
CT00054,U0005,P1260,2026-04-07,57,event_banner,1,클렌징_니즈해결
CT00055,U0005,P0191,2026-04-09,55,search,1,고민
CT00056,U0005,P1777,2026-04-23,41,repurchase_reminder,1,보관
CT00057,U0005,P1029,2026-05-16,18,price_drop,1,보관
CT00058,U0005,P1929,2026-03-28,67,recommendation,1,클렌징_시즌
CT00059,U0005,P0570,2026-04-20,44,price_drop,1,보관
CT00060,U0005,P1692,2026-03-14,81,event_banner,1,충동
CT00061,U0006,P0112,2026-04-23,41,repurchase_reminder,1,보관
CT00062,U0006,P1440,2026-04-18,46,category_page,1,고민
CT00063,U0006,P1680,2026-03-03,92,sns_ad,1,클렌징_시즌
CT00064,U0006,P0840,2026-04-29,35,search,1,보관
CT00065,U0006,P1098,2026-03-05,90,event_banner,1,클렌징_니즈해결
CT00066,U0006,P1023,2026-04-15,49,search,1,보관
CT00067,U0006,P0979,2026-04-01,63,sns_ad,1,클렌징_시즌
CT00068,U0006,P0290,2026-05-04,30,category_page,1,고민
CT00069,U0006,P1269,2026-03-17,78,home_recommendation,1,클렌징_시즌
CT00070,U0006,P0914,2026-05-06,28,price_drop,1,보관
CT00071,U0006,P1325,2026-03-30,65,search,1,고민
CT00072,U0007,P1900,2026-03-05,90,home_recommendation,1,클렌징_시즌
CT00073,U0007,P0928,2026-04-16,48,price_drop,1,보관
CT00074,U0007,P1819,2026-05-01,33,repurchase_reminder,1,보관
CT00075,U0007,P1920,2026-03-19,76,event_banner,1,클렌징_시즌
CT00076,U0007,P1492,2026-02-25,98,recommendation,1,클렌징_시즌
CT00077,U0007,P1005,2026-04-26,38,repurchase_reminder,1,보관
CT00078,U0007,P1733,2026-05-13,21,price_drop,1,보관
CT00079,U0007,P1435,2026-03-03,92,home_recommendation,1,클렌징_니즈해결
CT00080,U0007,P0820,2026-02-24,99,event_banner,1,클렌징_시즌
CT00081,U0007,P1532,2026-05-12,22,repurchase_reminder,1,보관
CT00082,U0007,P1206,2026-03-27,68,event_banner,1,충동
CT00083,U0008,P1804,2026-03-25,70,search,1,고민
CT00084,U0008,P0477,2026-04-17,47,product_detail,1,고민
CT00085,U0008,P1175,2026-04-27,37,category_page,1,고민
CT00086,U0008,P1940,2026-03-02,93,sns_ad,1,클렌징_시즌
CT00087,U0008,P1018,2026-02-25,98,home_recommendation,1,충동
CT00088,U0008,P0970,2026-05-12,22,price_drop,1,보관
CT00089,U0008,P1522,2026-04-05,59,category_page,1,고민
CT00090,U0008,P0863,2026-05-04,30,product_detail,1,고민
CT00091,U0008,P0740,2026-04-27,37,product_detail,1,고민
CT00092,U0008,P1644,2026-03-09,86,sns_ad,1,충동
CT00093,U0008,P0083,2026-04-30,34,search,1,보관
CT00094,U0008,P1867,2026-05-10,24,repurchase_reminder,1,보관
CT00095,U0008,P0574,2026-02-28,95,home_recommendation,1,충동
CT00096,U0008,P0767,2026-03-01,94,event_banner,1,클렌징_시즌
CT00097,U0009,P1691,2026-03-12,83,sns_ad,1,충동
CT00098,U0009,P0544,2026-03-09,86,recommendation,1,충동
CT00099,U0009,P0838,2026-02-28,95,recommendation,1,충동
CT00100,U0009,P1845,2026-05-19,15,repurchase_reminder,1,보관
CT00101,U0009,P0878,2026-05-04,30,search,1,보관
CT00102,U0009,P1949,2026-04-27,37,price_drop,1,보관
CT00103,U0009,P1840,2026-03-14,81,recommendation,1,충동
CT00104,U0009,P1482,2026-03-31,64,category_page,1,고민
CT00105,U0009,P1738,2026-05-14,20,search,1,보관
CT00106,U0009,P1220,2026-03-27,68,category_page,1,고민
CT00107,U0009,P0322,2026-04-23,41,product_detail,1,고민
CT00108,U0009,P1108,2026-04-13,51,sns_ad,1,클렌징_시즌
CT00109,U0009,P0699,2026-05-17,17,repurchase_reminder,1,보관
CT00110,U0009,P0971,2026-04-19,45,price_drop,1,보관
CT00111,U0010,P0578,2026-05-14,20,search,1,보관
CT00112,U0010,P0473,2026-04-23,41,search,1,고민
CT00113,U0010,P1064,2026-03-03,92,recommendation,1,클렌징_시즌
CT00114,U0010,P1769,2026-04-28,36,search,1,보관
CT00115,U0010,P1270,2026-05-04,30,price_drop,1,보관
CT00116,U0010,P0061,2026-04-14,50,search,1,보관
CT00117,U0010,P0775,2026-03-12,83,sns_ad,1,충동
CT00118,U0010,P0754,2026-05-02,32,product_detail,1,고민
CT00119,U0010,P1838,2026-03-18,77,recommendation,1,클렌징_시즌
CT00120,U0010,P1165,2026-03-28,67,search,1,고민
CT00121,U0010,P1296,2026-05-06,28,repurchase_reminder,1,보관
CT00122,U0010,P1968,2026-03-12,83,recommendation,1,클렌징_시즌
CT00123,U0010,P1703,2026-03-20,75,sns_ad,1,클렌징_니즈해결
CT00124,U0011,P1350,2026-05-07,27,price_drop,1,보관
CT00125,U0011,P1090,2026-04-02,62,sns_ad,1,클렌징_니즈해결
CT00126,U0011,P0240,2026-04-10,54,search,1,고민
CT00127,U0011,P1894,2026-05-13,21,price_drop,1,보관
CT00128,U0011,P0764,2026-03-04,91,recommendation,1,클렌징_니즈해결
CT00129,U0011,P0750,2026-05-24,10,price_drop,1,보관
CT00130,U0011,P1274,2026-05-10,24,price_drop,1,보관
CT00131,U0011,P1025,2026-04-26,38,price_drop,1,보관
CT00132,U0012,P0931,2026-03-26,69,recommendation,1,충동
CT00133,U0012,P0099,2026-05-19,15,repurchase_reminder,1,보관
CT00134,U0012,P0166,2026-04-28,36,price_drop,1,보관
CT00135,U0012,P1304,2026-05-05,29,product_detail,1,고민
CT00136,U0012,P0792,2026-03-12,83,sns_ad,1,충동
CT00137,U0012,P1117,2026-03-02,93,home_recommendation,1,클렌징_시즌
CT00138,U0012,P0507,2026-04-25,39,product_detail,1,고민
CT00139,U0012,P1021,2026-05-01,33,repurchase_reminder,1,보관
CT00140,U0012,P1451,2026-03-28,67,search,1,고민
CT00141,U0012,P1920,2026-04-16,48,search,1,고민
CT00142,U0012,P1610,2026-03-31,64,product_detail,1,고민
CT00143,U0012,P1185,2026-04-02,62,category_page,1,고민
CT00144,U0012,P0590,2026-04-05,59,event_banner,1,클렌징_시즌
CT00145,U0012,P1860,2026-04-17,47,search,1,고민
CT00146,U0013,P0840,2026-05-22,12,price_drop,1,보관
CT00147,U0013,P0613,2026-05-05,29,price_drop,1,보관
CT00148,U0013,P1118,2026-03-16,79,recommendation,1,클렌징_시즌
CT00149,U0013,P1570,2026-04-29,35,price_drop,1,보관
CT00150,U0013,P1260,2026-04-10,54,event_banner,1,클렌징_시즌
CT00151,U0013,P1810,2026-05-02,32,product_detail,1,고민
CT00152,U0013,P1006,2026-05-09,25,search,1,보관
CT00153,U0013,P1323,2026-05-04,30,product_detail,1,고민
CT00154,U0013,P1936,2026-03-29,66,search,1,고민
CT00155,U0014,P1753,2026-04-13,51,category_page,1,고민
CT00156,U0014,P1492,2026-04-23,41,search,1,보관
CT00157,U0014,P1108,2026-04-29,35,price_drop,1,보관
CT00158,U0014,P0676,2026-03-29,66,search,1,고민
CT00159,U0014,P1570,2026-04-29,35,repurchase_reminder,1,보관
CT00160,U0014,P0541,2026-05-03,31,search,1,보관
CT00161,U0014,P1185,2026-04-14,50,product_detail,1,고민
CT00162,U0014,P1896,2026-04-02,62,sns_ad,1,클렌징_시즌
CT00163,U0014,P1395,2026-03-03,92,sns_ad,1,클렌징_시즌
CT00164,U0014,P0960,2026-04-25,39,search,1,보관
CT00165,U0014,P0887,2026-04-22,42,repurchase_reminder,1,보관
CT00166,U0014,P1658,2026-03-08,87,event_banner,1,충동
CT00167,U0014,P0029,2026-04-24,40,repurchase_reminder,1,보관
CT00168,U0014,P0408,2026-02-28,95,event_banner,1,클렌징_시즌
CT00169,U0015,P0910,2026-05-02,32,search,1,보관
CT00170,U0015,P1194,2026-04-16,48,search,1,고민
CT00171,U0015,P0984,2026-04-18,46,repurchase_reminder,1,보관
CT00172,U0015,P1240,2026-05-22,12,search,1,보관
CT00173,U0015,P1502,2026-04-23,41,product_detail,1,고민
CT00174,U0015,P1600,2026-04-15,49,product_detail,1,고민
CT00175,U0015,P0991,2026-05-05,29,repurchase_reminder,1,보관
CT00176,U0015,P1784,2026-03-08,87,home_recommendation,1,충동
CT00177,U0015,P1345,2026-03-22,73,home_recommendation,1,클렌징_니즈해결
CT00178,U0015,P1737,2026-04-16,48,product_detail,1,고민
CT00179,U0015,P0151,2026-05-03,31,price_drop,1,보관
CT00180,U0015,P1890,2026-05-05,29,search,1,보관
CT00181,U0015,P1118,2026-05-09,25,search,1,고민
CT00182,U0016,P0323,2026-03-02,93,recommendation,1,충동
CT00183,U0016,P1187,2026-05-14,20,search,1,보관
CT00184,U0016,P0955,2026-05-06,28,product_detail,1,고민
CT00185,U0016,P0418,2026-04-03,61,product_detail,1,고민
CT00186,U0016,P1948,2026-05-06,28,repurchase_reminder,1,보관
CT00187,U0016,P0069,2026-04-22,42,price_drop,1,보관
CT00188,U0016,P0695,2026-05-08,26,repurchase_reminder,1,보관
CT00189,U0016,P1229,2026-04-19,45,search,1,보관
CT00190,U0016,P0769,2026-03-21,74,recommendation,1,충동
CT00191,U0016,P0915,2026-04-09,55,recommendation,1,충동
CT00192,U0016,P1561,2026-04-20,44,search,1,고민
CT00193,U0017,P0320,2026-05-06,28,product_detail,1,고민
CT00194,U0017,P1683,2026-03-29,66,home_recommendation,1,충동
CT00195,U0017,P1878,2026-03-12,83,event_banner,1,충동
CT00196,U0017,P1625,2026-05-06,28,search,1,고민
CT00197,U0017,P0093,2026-04-20,44,repurchase_reminder,1,보관
CT00198,U0017,P1078,2026-04-02,62,home_recommendation,1,클렌징_시즌
CT00199,U0017,P1261,2026-03-11,84,recommendation,1,충동
CT00200,U0017,P1133,2026-04-19,45,category_page,1,고민
CT00201,U0017,P1063,2026-04-11,53,recommendation,1,클렌징_시즌
CT00202,U0017,P0864,2026-04-30,34,category_page,1,고민
CT00203,U0017,P0429,2026-03-10,85,event_banner,1,클렌징_시즌
CT00204,U0018,P1043,2026-04-16,48,repurchase_reminder,1,보관
CT00205,U0018,P0639,2026-04-23,41,category_page,1,고민
CT00206,U0018,P1646,2026-04-05,59,sns_ad,1,클렌징_시즌
CT00207,U0018,P0798,2026-03-27,68,search,1,고민
CT00208,U0018,P1571,2026-03-27,68,search,1,고민
CT00209,U0018,P1100,2026-04-18,46,price_drop,1,보관
CT00210,U0018,P1187,2026-04-16,48,search,1,고민
CT00211,U0018,P1749,2026-04-08,56,event_banner,1,클렌징_시즌
CT00212,U0018,P0054,2026-04-19,45,search,1,보관
CT00213,U0018,P1838,2026-05-02,32,product_detail,1,고민
CT00214,U0018,P0979,2026-05-09,25,price_drop,1,보관
CT00215,U0018,P1229,2026-04-28,36,product_detail,1,고민
CT00216,U0018,P1928,2026-04-14,50,sns_ad,1,클렌징_시즌
CT00217,U0019,P0708,2026-05-03,31,category_page,1,고민
CT00218,U0019,P1829,2026-03-14,81,event_banner,1,클렌징_시즌
CT00219,U0019,P0223,2026-04-25,39,category_page,1,고민
CT00220,U0019,P1343,2026-05-11,23,repurchase_reminder,1,보관
CT00221,U0019,P1870,2026-05-16,18,search,1,보관
CT00222,U0019,P0029,2026-03-16,79,recommendation,1,클렌징_시즌
CT00223,U0019,P1565,2026-04-25,39,price_drop,1,보관
CT00224,U0019,P1055,2026-03-30,65,search,1,고민
CT00225,U0019,P1132,2026-05-10,24,search,1,고민
CT00226,U0019,P1077,2026-03-11,84,recommendation,1,클렌징_시즌
CT00227,U0019,P1259,2026-03-31,64,search,1,고민
CT00228,U0019,P0426,2026-04-02,62,product_detail,1,고민
CT00229,U0019,P0589,2026-04-08,56,event_banner,1,클렌징_니즈해결
CT00230,U0019,P1705,2026-02-25,98,recommendation,1,클렌징_시즌
CT00231,U0020,P1497,2026-04-16,48,product_detail,1,고민
CT00232,U0020,P1204,2026-03-27,68,recommendation,1,클렌징_니즈해결
CT00233,U0020,P0507,2026-05-13,21,product_detail,1,고민
CT00234,U0020,P0009,2026-04-13,51,product_detail,1,고민
CT00235,U0020,P0618,2026-04-23,41,repurchase_reminder,1,보관
CT00236,U0020,P1746,2026-05-03,31,price_drop,1,보관
CT00237,U0020,P0844,2026-03-16,79,recommendation,1,충동
CT00238,U0020,P1890,2026-05-15,19,repurchase_reminder,1,보관
CT00239,U0020,P1165,2026-04-08,56,home_recommendation,1,클렌징_니즈해결
CT00240,U0020,P1086,2026-05-17,17,repurchase_reminder,1,보관
CT00241,U0020,P0958,2026-05-20,14,search,1,보관
CT00242,U0020,P1015,2026-05-07,27,price_drop,1,보관
CT00243,U0020,P1421,2026-04-05,59,category_page,1,고민
CT00244,U0021,P1085,2026-03-09,86,recommendation,1,충동
CT00245,U0021,P1795,2026-02-25,98,sns_ad,1,충동
CT00246,U0021,P1281,2026-04-30,34,category_page,1,고민
CT00247,U0021,P0553,2026-05-21,13,search,1,보관
CT00248,U0021,P0004,2026-05-03,31,product_detail,1,고민
CT00249,U0021,P0674,2026-04-24,40,search,1,보관
CT00250,U0021,P1483,2026-04-08,56,product_detail,1,고민
CT00251,U0021,P1045,2026-05-22,12,search,1,보관
CT00252,U0021,P1697,2026-04-18,46,repurchase_reminder,1,보관
CT00253,U0021,P0318,2026-04-11,53,search,1,고민
CT00254,U0022,P1189,2026-05-12,22,search,1,고민
CT00255,U0022,P1277,2026-03-14,81,event_banner,1,클렌징_니즈해결
CT00256,U0022,P0881,2026-05-04,30,repurchase_reminder,1,보관
CT00257,U0022,P1471,2026-03-27,68,recommendation,1,클렌징_시즌
CT00258,U0022,P1744,2026-02-25,98,home_recommendation,1,충동
CT00259,U0022,P0662,2026-05-03,31,search,1,보관
CT00260,U0022,P0572,2026-03-08,87,sns_ad,1,충동
CT00261,U0022,P0833,2026-04-09,55,recommendation,1,충동
CT00262,U0022,P1927,2026-04-13,51,product_detail,1,고민
CT00263,U0022,P1867,2026-05-17,17,price_drop,1,보관
CT00264,U0022,P0159,2026-04-10,54,search,1,고민
CT00265,U0022,P1117,2026-03-09,86,home_recommendation,1,클렌징_시즌
CT00266,U0022,P0178,2026-04-24,40,product_detail,1,고민
CT00267,U0022,P1598,2026-04-03,61,category_page,1,고민
CT00268,U0023,P1110,2026-03-27,68,event_banner,1,클렌징_시즌
CT00269,U0023,P0344,2026-03-31,64,recommendation,1,충동
CT00270,U0023,P1930,2026-04-20,44,search,1,보관
CT00271,U0023,P0541,2026-05-06,28,repurchase_reminder,1,보관
CT00272,U0023,P1519,2026-04-06,58,search,1,고민
CT00273,U0023,P0881,2026-04-27,37,repurchase_reminder,1,보관
CT00274,U0023,P1188,2026-05-08,26,search,1,고민
CT00275,U0023,P1013,2026-04-01,63,event_banner,1,클렌징_시즌
CT00276,U0023,P1249,2026-03-28,67,home_recommendation,1,클렌징_시즌
CT00277,U0023,P0788,2026-03-22,73,recommendation,1,충동
CT00278,U0023,P0721,2026-04-12,52,product_detail,1,고민
CT00279,U0023,P0428,2026-03-22,73,event_banner,1,클렌징_시즌
CT00280,U0023,P1749,2026-04-29,35,price_drop,1,보관
CT00281,U0024,P0991,2026-04-20,44,search,1,보관
CT00282,U0024,P1219,2026-03-02,93,sns_ad,1,클렌징_니즈해결
CT00283,U0024,P1918,2026-02-26,97,sns_ad,1,클렌징_니즈해결
CT00284,U0024,P1770,2026-05-03,31,repurchase_reminder,1,보관
CT00285,U0024,P1177,2026-04-01,63,search,1,고민
CT00286,U0024,P0740,2026-04-13,51,category_page,1,고민
CT00287,U0024,P1490,2026-04-19,45,search,1,고민
CT00288,U0024,P0252,2026-05-08,26,category_page,1,고민
CT00289,U0024,P1650,2026-04-15,49,price_drop,1,보관
CT00290,U0024,P0975,2026-04-25,39,price_drop,1,보관
CT00291,U0024,P1341,2026-03-31,64,search,1,고민
CT00292,U0024,P1591,2026-04-30,34,repurchase_reminder,1,보관
CT00293,U0024,P0918,2026-04-24,40,price_drop,1,보관
CT00294,U0025,P1163,2026-05-01,33,category_page,1,고민
CT00295,U0025,P0351,2026-05-09,25,price_drop,1,보관
CT00296,U0025,P1534,2026-04-07,57,search,1,고민
CT00297,U0025,P0837,2026-04-22,42,repurchase_reminder,1,보관
CT00298,U0025,P1440,2026-04-05,59,sns_ad,1,충동
CT00299,U0025,P1374,2026-05-04,30,price_drop,1,보관
CT00300,U0025,P0898,2026-03-09,86,event_banner,1,클렌징_니즈해결
CT00301,U0025,P1111,2026-03-18,77,event_banner,1,충동
CT00302,U0025,P1902,2026-05-22,12,repurchase_reminder,1,보관
CT00303,U0025,P1775,2026-03-25,70,sns_ad,1,충동
CT00304,U0025,P0607,2026-05-16,18,price_drop,1,보관
CT00305,U0025,P0365,2026-05-17,17,price_drop,1,보관
CT00306,U0025,P0964,2026-04-15,49,product_detail,1,고민
CT00307,U0025,P1704,2026-03-15,80,sns_ad,1,충동
CT00308,U0026,P0780,2026-04-19,45,category_page,1,고민
CT00309,U0026,P0936,2026-04-29,35,category_page,1,고민
CT00310,U0026,P1833,2026-03-07,88,home_recommendation,1,충동
CT00311,U0026,P1277,2026-03-25,70,recommendation,1,충동
CT00312,U0026,P0893,2026-03-07,88,sns_ad,1,충동
CT00313,U0026,P1580,2026-04-15,49,repurchase_reminder,1,보관
CT00314,U0026,P1915,2026-05-03,31,product_detail,1,고민
CT00315,U0026,P0703,2026-05-07,27,price_drop,1,보관
CT00316,U0026,P1082,2026-02-28,95,recommendation,1,충동
CT00317,U0026,P1488,2026-05-07,27,category_page,1,고민
CT00318,U0027,P1457,2026-05-06,28,category_page,1,고민
CT00319,U0027,P1051,2026-05-14,20,price_drop,1,보관
CT00320,U0027,P0610,2026-05-13,21,price_drop,1,보관
CT00321,U0027,P1899,2026-02-23,100,sns_ad,1,충동
CT00322,U0027,P0239,2026-05-13,21,product_detail,1,고민
CT00323,U0027,P1242,2026-04-05,59,sns_ad,1,충동
CT00324,U0027,P1413,2026-05-04,30,category_page,1,고민
CT00325,U0027,P0900,2026-04-22,42,repurchase_reminder,1,보관
CT00326,U0028,P0495,2026-05-15,19,search,1,보관
CT00327,U0028,P0921,2026-05-16,18,price_drop,1,보관
CT00328,U0028,P0217,2026-03-05,90,event_banner,1,충동
CT00329,U0028,P1195,2026-05-10,24,category_page,1,고민
CT00330,U0028,P1758,2026-03-07,88,sns_ad,1,클렌징_시즌
CT00331,U0028,P0041,2026-05-01,33,product_detail,1,고민
CT00332,U0028,P1630,2026-04-19,45,repurchase_reminder,1,보관
CT00333,U0028,P0840,2026-03-05,90,sns_ad,1,클렌징_시즌
CT00334,U0028,P0710,2026-04-21,43,price_drop,1,보관
CT00335,U0028,P0876,2026-05-14,20,search,1,보관
CT00336,U0028,P1465,2026-05-13,21,repurchase_reminder,1,보관
CT00337,U0028,P1788,2026-03-23,72,recommendation,1,클렌징_시즌
CT00338,U0028,P1896,2026-05-13,21,product_detail,1,고민
CT00339,U0029,P1450,2026-03-29,66,category_page,1,고민
CT00340,U0029,P1049,2026-03-30,65,product_detail,1,고민
CT00341,U0029,P0799,2026-03-03,92,home_recommendation,1,클렌징_니즈해결
CT00342,U0029,P1260,2026-02-24,99,event_banner,1,클렌징_시즌
CT00343,U0029,P1638,2026-04-18,46,product_detail,1,고민
CT00344,U0029,P0188,2026-04-16,48,price_drop,1,보관
CT00345,U0029,P1768,2026-05-23,11,repurchase_reminder,1,보관
CT00346,U0029,P1385,2026-04-26,38,search,1,보관
CT00347,U0029,P0690,2026-05-24,10,repurchase_reminder,1,보관
CT00348,U0030,P1653,2026-03-28,67,category_page,1,고민
CT00349,U0030,P1593,2026-04-09,55,recommendation,1,충동
CT00350,U0030,P0949,2026-04-05,59,product_detail,1,고민
CT00351,U0030,P1237,2026-03-27,68,sns_ad,1,충동
CT00352,U0030,P0510,2026-04-28,36,category_page,1,고민
CT00353,U0030,P0248,2026-04-20,44,price_drop,1,보관
CT00354,U0030,P1485,2026-05-06,28,price_drop,1,보관
CT00355,U0030,P0578,2026-05-06,28,repurchase_reminder,1,보관
CT00356,U0030,P1325,2026-04-19,45,search,1,고민
CT00357,U0030,P1045,2026-04-20,44,price_drop,1,보관
CT00358,U0030,P0690,2026-05-22,12,price_drop,1,보관
CT00359,U0030,P1860,2026-05-16,18,repurchase_reminder,1,보관
CT00360,U0031,P1078,2026-04-16,48,repurchase_reminder,1,보관
CT00361,U0031,P1524,2026-05-14,20,search,1,보관
CT00362,U0031,P1179,2026-03-03,92,sns_ad,1,충동
CT00363,U0031,P1024,2026-05-20,14,repurchase_reminder,1,보관
CT00364,U0031,P1211,2026-03-16,79,recommendation,1,충동
CT00365,U0031,P0846,2026-04-11,53,event_banner,1,클렌징_시즌
CT00366,U0031,P0428,2026-03-07,88,home_recommendation,1,클렌징_니즈해결
CT00367,U0031,P0610,2026-04-24,40,search,1,보관
CT00368,U0031,P0286,2026-04-04,60,home_recommendation,1,충동
CT00369,U0031,P1580,2026-05-13,21,search,1,보관
CT00370,U0031,P1830,2026-03-19,76,recommendation,1,클렌징_니즈해결
CT00371,U0031,P0092,2026-04-22,42,price_drop,1,보관
CT00372,U0031,P0689,2026-04-27,37,price_drop,1,보관
CT00373,U0031,P0936,2026-04-17,47,repurchase_reminder,1,보관
CT00374,U0032,P0812,2026-04-05,59,home_recommendation,1,충동
CT00375,U0032,P0733,2026-04-26,38,repurchase_reminder,1,보관
CT00376,U0032,P0981,2026-05-11,23,search,1,보관
CT00377,U0032,P1817,2026-03-23,72,recommendation,1,충동
CT00378,U0032,P1098,2026-03-07,88,recommendation,1,클렌징_시즌
CT00379,U0032,P0913,2026-05-11,23,repurchase_reminder,1,보관
CT00380,U0032,P1916,2026-03-04,91,home_recommendation,1,충동
CT00381,U0032,P1909,2026-03-19,76,event_banner,1,충동
CT00382,U0032,P1701,2026-03-29,66,category_page,1,고민
CT00383,U0032,P1163,2026-05-04,30,product_detail,1,고민
CT00384,U0032,P0195,2026-02-26,97,event_banner,1,충동
CT00385,U0032,P1529,2026-04-09,55,product_detail,1,고민
CT00386,U0032,P0101,2026-05-14,20,price_drop,1,보관
CT00387,U0032,P1772,2026-04-17,47,search,1,고민
CT00388,U0033,P1376,2026-04-13,51,product_detail,1,고민
CT00389,U0033,P1673,2026-03-08,87,sns_ad,1,충동
CT00390,U0033,P1087,2026-05-21,13,repurchase_reminder,1,보관
CT00391,U0033,P1854,2026-04-04,60,home_recommendation,1,충동
CT00392,U0033,P0900,2026-04-23,41,product_detail,1,고민
CT00393,U0033,P1819,2026-04-13,51,search,1,고민
CT00394,U0033,P0670,2026-03-29,66,event_banner,1,클렌징_시즌
CT00395,U0033,P0002,2026-05-07,27,search,1,고민
CT00396,U0033,P1168,2026-04-25,39,product_detail,1,고민
CT00397,U0033,P1966,2026-03-23,72,home_recommendation,1,충동
CT00398,U0033,P1210,2026-05-10,24,repurchase_reminder,1,보관
CT00399,U0033,P0817,2026-03-08,87,recommendation,1,클렌징_시즌
CT00400,U0033,P0199,2026-05-02,32,product_detail,1,고민
CT00401,U0034,P0889,2026-05-07,27,repurchase_reminder,1,보관
CT00402,U0034,P0972,2026-05-09,25,category_page,1,고민
CT00403,U0034,P1088,2026-04-18,46,repurchase_reminder,1,보관
CT00404,U0034,P1814,2026-04-02,62,product_detail,1,고민
CT00405,U0034,P1206,2026-04-03,61,home_recommendation,1,클렌징_니즈해결
CT00406,U0034,P1749,2026-05-05,29,search,1,보관
CT00407,U0034,P0846,2026-02-23,100,event_banner,1,클렌징_시즌
CT00408,U0034,P1185,2026-03-22,73,event_banner,1,클렌징_니즈해결
CT00409,U0035,P1657,2026-03-23,72,event_banner,1,클렌징_시즌
CT00410,U0035,P0655,2026-05-16,18,price_drop,1,보관
CT00411,U0035,P1451,2026-05-16,18,price_drop,1,보관
CT00412,U0035,P0570,2026-03-25,70,event_banner,1,클렌징_시즌
CT00413,U0035,P0318,2026-03-16,79,event_banner,1,클렌징_시즌
CT00414,U0035,P1270,2026-03-18,77,sns_ad,1,클렌징_시즌
CT00415,U0035,P0072,2026-05-06,28,price_drop,1,보관
CT00416,U0035,P0853,2026-05-15,19,price_drop,1,보관
CT00417,U0035,P1760,2026-04-29,35,price_drop,1,보관
CT00418,U0036,P0737,2026-04-05,59,home_recommendation,1,클렌징_니즈해결
CT00419,U0036,P0551,2026-04-30,34,repurchase_reminder,1,보관
CT00420,U0036,P1023,2026-04-06,58,category_page,1,고민
CT00421,U0036,P1888,2026-04-04,60,category_page,1,고민
CT00422,U0036,P1166,2026-05-14,20,product_detail,1,고민
CT00423,U0036,P0850,2026-03-21,74,sns_ad,1,클렌징_니즈해결
CT00424,U0036,P1095,2026-05-17,17,repurchase_reminder,1,보관
CT00425,U0036,P1303,2026-04-20,44,repurchase_reminder,1,보관
CT00426,U0037,P1275,2026-05-12,22,search,1,고민
CT00427,U0037,P1547,2026-03-28,67,category_page,1,고민
CT00428,U0037,P0720,2026-03-28,67,category_page,1,고민
CT00429,U0037,P1901,2026-04-05,59,home_recommendation,1,충동
CT00430,U0037,P0949,2026-03-22,73,sns_ad,1,클렌징_니즈해결
CT00431,U0037,P0843,2026-03-28,67,event_banner,1,충동
CT00432,U0037,P1915,2026-03-29,66,home_recommendation,1,충동
CT00433,U0037,P1525,2026-05-20,14,search,1,보관
CT00434,U0038,P1254,2026-03-30,65,home_recommendation,1,충동
CT00435,U0038,P1948,2026-05-13,21,search,1,고민
CT00436,U0038,P0680,2026-04-26,38,search,1,고민
CT00437,U0038,P0297,2026-04-22,42,category_page,1,고민
CT00438,U0038,P1876,2026-05-20,14,search,1,보관
CT00439,U0038,P0477,2026-03-21,74,sns_ad,1,클렌징_시즌
CT00440,U0038,P0786,2026-04-23,41,search,1,고민
CT00441,U0038,P1431,2026-02-27,96,recommendation,1,충동
CT00442,U0038,P1600,2026-04-14,50,product_detail,1,고민
CT00443,U0038,P1494,2026-05-11,23,search,1,보관
CT00444,U0038,P1078,2026-03-02,93,recommendation,1,클렌징_니즈해결
CT00445,U0038,P0139,2026-03-27,68,category_page,1,고민
CT00446,U0038,P0959,2026-05-05,29,search,1,보관
CT00447,U0038,P1175,2026-04-05,59,search,1,고민
CT00448,U0039,P1077,2026-03-26,69,sns_ad,1,클렌징_시즌
CT00449,U0039,P0943,2026-04-23,41,search,1,보관
CT00450,U0039,P1216,2026-02-27,96,event_banner,1,충동
CT00451,U0039,P1850,2026-05-08,26,repurchase_reminder,1,보관
CT00452,U0039,P1293,2026-02-23,100,recommendation,1,클렌징_시즌
CT00453,U0039,P0661,2026-04-02,62,search,1,고민
CT00454,U0039,P1576,2026-02-25,98,event_banner,1,충동
CT00455,U0039,P1690,2026-05-04,30,search,1,보관
CT00456,U0039,P1754,2026-05-17,17,price_drop,1,보관
CT00457,U0039,P1170,2026-05-03,31,product_detail,1,고민
CT00458,U0040,P1890,2026-05-03,31,price_drop,1,보관
CT00459,U0040,P1956,2026-04-22,42,product_detail,1,고민
CT00460,U0040,P1669,2026-03-15,80,event_banner,1,클렌징_니즈해결
CT00461,U0040,P1484,2026-05-01,33,repurchase_reminder,1,보관
CT00462,U0040,P0850,2026-04-07,57,product_detail,1,고민
CT00463,U0040,P1019,2026-03-16,79,recommendation,1,충동
CT00464,U0040,P0078,2026-03-30,65,product_detail,1,고민
CT00465,U0040,P1789,2026-03-25,70,sns_ad,1,클렌징_니즈해결
CT00466,U0040,P0314,2026-05-15,19,repurchase_reminder,1,보관
CT00467,U0040,P1190,2026-05-14,20,product_detail,1,고민
CT00468,U0041,P1093,2026-03-29,66,event_banner,1,클렌징_니즈해결
CT00469,U0041,P1521,2026-05-11,23,category_page,1,고민
CT00470,U0041,P0840,2026-04-25,39,search,1,보관
CT00471,U0041,P0916,2026-05-24,10,price_drop,1,보관
CT00472,U0041,P1263,2026-04-15,49,product_detail,1,고민
CT00473,U0041,P1912,2026-04-21,43,repurchase_reminder,1,보관
CT00474,U0041,P1000,2026-05-05,29,price_drop,1,보관
CT00475,U0041,P1596,2026-04-27,37,product_detail,1,고민
CT00476,U0042,P1223,2026-04-08,56,event_banner,1,충동
CT00477,U0042,P0007,2026-03-29,66,event_banner,1,충동
CT00478,U0042,P1088,2026-03-22,73,recommendation,1,클렌징_시즌
CT00479,U0042,P0759,2026-03-23,72,event_banner,1,충동
CT00480,U0042,P0969,2026-05-06,28,search,1,고민
CT00481,U0042,P1155,2026-03-25,70,home_recommendation,1,클렌징_시즌
CT00482,U0042,P1962,2026-03-29,66,sns_ad,1,충동
CT00483,U0042,P0632,2026-03-26,69,sns_ad,1,클렌징_니즈해결
CT00484,U0042,P0516,2026-04-07,57,search,1,고민
CT00485,U0042,P1580,2026-03-30,65,search,1,고민
CT00486,U0043,P1692,2026-05-13,21,repurchase_reminder,1,보관
CT00487,U0043,P0198,2026-05-13,21,search,1,고민
CT00488,U0043,P1108,2026-03-25,70,event_banner,1,클렌징_시즌
CT00489,U0043,P1270,2026-03-17,78,event_banner,1,클렌징_시즌
CT00490,U0043,P0970,2026-04-21,43,price_drop,1,보관
CT00491,U0043,P0896,2026-03-19,76,recommendation,1,충동
CT00492,U0043,P1590,2026-04-22,42,repurchase_reminder,1,보관
CT00493,U0043,P0620,2026-05-07,27,repurchase_reminder,1,보관
CT00494,U0043,P0039,2026-03-30,65,search,1,고민
CT00495,U0043,P1162,2026-04-15,49,product_detail,1,고민
CT00496,U0043,P1881,2026-05-17,17,repurchase_reminder,1,보관
CT00497,U0044,P0945,2026-04-22,42,search,1,고민
CT00498,U0044,P1130,2026-04-06,58,search,1,고민
CT00499,U0044,P1650,2026-03-31,64,home_recommendation,1,클렌징_시즌
CT00500,U0044,P1308,2026-03-30,65,product_detail,1,고민
CT00501,U0044,P1091,2026-05-05,29,price_drop,1,보관
CT00502,U0044,P0919,2026-05-16,18,repurchase_reminder,1,보관
CT00503,U0044,P1461,2026-04-29,35,search,1,보관
CT00504,U0044,P1792,2026-04-09,55,home_recommendation,1,클렌징_니즈해결
CT00505,U0044,P1776,2026-05-17,17,search,1,보관
CT00506,U0045,P1703,2026-03-18,77,event_banner,1,충동
CT00507,U0045,P1069,2026-04-28,36,price_drop,1,보관
CT00508,U0045,P1178,2026-03-31,64,home_recommendation,1,충동
CT00509,U0045,P1097,2026-04-20,44,product_detail,1,고민
CT00510,U0045,P0923,2026-04-04,60,search,1,고민
CT00511,U0045,P0781,2026-04-17,47,repurchase_reminder,1,보관
CT00512,U0045,P1465,2026-04-01,63,category_page,1,고민
CT00513,U0045,P1965,2026-04-25,39,product_detail,1,고민
CT00514,U0045,P0402,2026-04-10,54,search,1,고민
CT00515,U0045,P1295,2026-05-10,24,search,1,고민
CT00516,U0045,P1767,2026-05-18,16,search,1,보관
CT00517,U0045,P0633,2026-04-07,57,recommendation,1,충동
CT00518,U0046,P0029,2026-03-25,70,home_recommendation,1,클렌징_시즌
CT00519,U0046,P0960,2026-03-08,87,home_recommendation,1,클렌징_니즈해결
CT00520,U0046,P1601,2026-04-27,37,search,1,고민
CT00521,U0046,P1210,2026-03-06,89,home_recommendation,1,클렌징_시즌
CT00522,U0046,P0800,2026-02-24,99,home_recommendation,1,클렌징_시즌
CT00523,U0046,P1689,2026-04-23,41,price_drop,1,보관
CT00524,U0046,P0276,2026-03-30,65,search,1,고민
CT00525,U0046,P1854,2026-05-07,27,search,1,보관
CT00526,U0046,P0690,2026-05-04,30,search,1,보관
CT00527,U0046,P1480,2026-03-28,67,search,1,고민
CT00528,U0046,P1089,2026-05-08,26,product_detail,1,고민
CT00529,U0046,P1720,2026-03-25,70,home_recommendation,1,클렌징_시즌
CT00530,U0046,P1967,2026-04-22,42,price_drop,1,보관
CT00531,U0046,P0858,2026-04-30,34,search,1,보관
CT00532,U0047,P0790,2026-03-20,75,event_banner,1,클렌징_시즌
CT00533,U0047,P1831,2026-03-25,70,sns_ad,1,충동
CT00534,U0047,P0733,2026-04-29,35,repurchase_reminder,1,보관
CT00535,U0047,P1209,2026-04-26,38,product_detail,1,고민
CT00536,U0047,P1542,2026-03-12,83,event_banner,1,충동
CT00537,U0047,P1492,2026-04-24,40,repurchase_reminder,1,보관
CT00538,U0047,P1014,2026-04-13,51,category_page,1,고민
CT00539,U0047,P1104,2026-03-18,77,sns_ad,1,충동
CT00540,U0047,P0561,2026-03-15,80,sns_ad,1,충동
CT00541,U0047,P0178,2026-04-20,44,search,1,보관
CT00542,U0047,P0915,2026-04-14,50,event_banner,1,충동
CT00543,U0047,P1848,2026-04-30,34,search,1,보관
CT00544,U0048,P0373,2026-05-11,23,repurchase_reminder,1,보관
CT00545,U0048,P0833,2026-02-27,96,sns_ad,1,충동
CT00546,U0048,P0039,2026-04-03,61,search,1,고민
CT00547,U0048,P0939,2026-05-10,24,repurchase_reminder,1,보관
CT00548,U0048,P0298,2026-03-05,90,sns_ad,1,클렌징_시즌
CT00549,U0048,P1929,2026-03-21,74,recommendation,1,클렌징_시즌
CT00550,U0048,P0740,2026-05-06,28,repurchase_reminder,1,보관
CT00551,U0048,P1635,2026-04-30,34,price_drop,1,보관
CT00552,U0048,P1426,2026-04-10,54,event_banner,1,충동
CT00553,U0049,P1661,2026-03-24,71,sns_ad,1,클렌징_니즈해결
CT00554,U0049,P0977,2026-04-22,42,repurchase_reminder,1,보관
CT00555,U0049,P1087,2026-04-28,36,search,1,보관
CT00556,U0049,P1232,2026-04-22,42,search,1,고민
CT00557,U0049,P0435,2026-04-16,48,search,1,고민
CT00558,U0049,P1930,2026-04-26,38,product_detail,1,고민
CT00559,U0049,P1548,2026-05-03,31,category_page,1,고민
CT00560,U0049,P0612,2026-05-04,30,price_drop,1,보관
CT00561,U0049,P1146,2026-03-28,67,search,1,고민
CT00562,U0049,P0031,2026-04-21,43,search,1,고민
CT00563,U0049,P1840,2026-03-13,82,sns_ad,1,클렌징_니즈해결
CT00564,U0050,P0867,2026-04-15,49,price_drop,1,보관
CT00565,U0050,P0220,2026-04-08,56,category_page,1,고민
CT00566,U0050,P1434,2026-05-04,30,search,1,고민
CT00567,U0050,P1940,2026-04-08,56,event_banner,1,클렌징_니즈해결
CT00568,U0050,P0696,2026-03-14,81,home_recommendation,1,충동
CT00569,U0050,P0430,2026-03-30,65,product_detail,1,고민
CT00570,U0050,P1027,2026-04-13,51,sns_ad,1,충동
CT00571,U0050,P0616,2026-05-01,33,repurchase_reminder,1,보관
CT00572,U0050,P1159,2026-03-18,77,recommendation,1,충동
CT00573,U0050,P0805,2026-04-21,43,price_drop,1,보관
CT00574,U0050,P1702,2026-03-14,81,recommendation,1,충동
CT00575,U0050,P1740,2026-03-27,68,recommendation,1,클렌징_니즈해결
CT00576,U0050,P1222,2026-04-26,38,repurchase_reminder,1,보관
CT00577,U0051,P1696,2026-04-22,42,repurchase_reminder,1,보관
CT00578,U0051,P1809,2026-03-29,66,home_recommendation,1,클렌징_니즈해결
CT00579,U0051,P0660,2026-04-25,39,category_page,1,고민
CT00580,U0051,P0823,2026-03-09,86,event_banner,1,충동
CT00581,U0051,P0486,2026-04-02,62,sns_ad,1,클렌징_니즈해결
CT00582,U0051,P1517,2026-04-28,36,search,1,보관
CT00583,U0051,P0938,2026-03-19,76,event_banner,1,클렌징_시즌
CT00584,U0051,P1596,2026-04-27,37,price_drop,1,보관
CT00585,U0051,P0916,2026-05-09,25,search,1,보관
CT00586,U0051,P1305,2026-04-29,35,category_page,1,고민
CT00587,U0051,P1097,2026-04-20,44,search,1,보관
CT00588,U0052,P0862,2026-05-07,27,search,1,보관
CT00589,U0052,P1953,2026-04-07,57,recommendation,1,클렌징_니즈해결
CT00590,U0052,P0049,2026-05-04,30,price_drop,1,보관
CT00591,U0052,P1243,2026-02-23,100,recommendation,1,충동
CT00592,U0052,P1841,2026-02-25,98,recommendation,1,클렌징_니즈해결
CT00593,U0052,P0850,2026-03-29,66,home_recommendation,1,클렌징_시즌
CT00594,U0052,P1789,2026-04-30,34,product_detail,1,고민
CT00595,U0052,P1379,2026-05-08,26,search,1,고민
CT00596,U0052,P1135,2026-04-18,46,search,1,고민
CT00597,U0052,P0515,2026-05-14,20,search,1,고민
CT00598,U0052,P0348,2026-05-10,24,search,1,고민
CT00599,U0053,P1690,2026-05-16,18,search,1,보관
CT00600,U0053,P0869,2026-04-17,47,price_drop,1,보관
CT00601,U0053,P0958,2026-05-14,20,repurchase_reminder,1,보관
CT00602,U0053,P0771,2026-05-10,24,repurchase_reminder,1,보관
CT00603,U0053,P0336,2026-03-07,88,event_banner,1,클렌징_니즈해결
CT00604,U0053,P1071,2026-03-01,94,recommendation,1,충동
CT00605,U0053,P1896,2026-04-14,50,search,1,보관
CT00606,U0053,P1531,2026-05-04,30,search,1,고민
CT00607,U0053,P1207,2026-04-03,61,search,1,고민
CT00608,U0053,P1335,2026-05-02,32,product_detail,1,고민
CT00609,U0053,P0389,2026-04-25,39,repurchase_reminder,1,보관
CT00610,U0053,P1442,2026-05-22,12,repurchase_reminder,1,보관
CT00611,U0053,P0565,2026-05-15,19,search,1,보관
CT00612,U0054,P1849,2026-04-14,50,home_recommendation,1,충동
CT00613,U0054,P0770,2026-04-03,61,product_detail,1,고민
CT00614,U0054,P1948,2026-04-01,63,sns_ad,1,클렌징_시즌
CT00615,U0054,P1141,2026-04-15,49,search,1,보관
CT00616,U0054,P1097,2026-04-14,50,price_drop,1,보관
CT00617,U0054,P0885,2026-05-05,29,price_drop,1,보관
CT00618,U0054,P1577,2026-03-01,94,recommendation,1,충동
CT00619,U0054,P1736,2026-04-03,61,event_banner,1,충동
CT00620,U0054,P1454,2026-04-12,52,product_detail,1,고민
CT00621,U0054,P0057,2026-04-03,61,search,1,고민
CT00622,U0054,P0576,2026-04-07,57,home_recommendation,1,충동
CT00623,U0054,P1256,2026-04-12,52,recommendation,1,충동
CT00624,U0055,P0650,2026-05-14,20,search,1,보관
CT00625,U0055,P1604,2026-05-03,31,product_detail,1,고민
CT00626,U0055,P0916,2026-02-23,100,event_banner,1,클렌징_니즈해결
CT00627,U0055,P1933,2026-04-19,45,price_drop,1,보관
CT00628,U0055,P1716,2026-04-24,40,search,1,보관
CT00629,U0055,P0979,2026-05-16,18,repurchase_reminder,1,보관
CT00630,U0055,P1163,2026-04-30,34,search,1,고민
CT00631,U0055,P0124,2026-05-03,31,repurchase_reminder,1,보관
CT00632,U0056,P1906,2026-05-19,15,search,1,보관
CT00633,U0056,P1777,2026-04-22,42,repurchase_reminder,1,보관
CT00634,U0056,P1195,2026-03-22,73,event_banner,1,클렌징_시즌
CT00635,U0056,P0726,2026-05-10,24,repurchase_reminder,1,보관
CT00636,U0056,P0411,2026-03-26,69,recommendation,1,충동
CT00637,U0056,P1044,2026-04-15,49,search,1,보관
CT00638,U0056,P1927,2026-04-14,50,event_banner,1,충동
CT00639,U0056,P0114,2026-04-07,57,category_page,1,고민
CT00640,U0056,P1117,2026-03-23,72,event_banner,1,클렌징_시즌
CT00641,U0056,P1515,2026-05-02,32,category_page,1,고민
CT00642,U0056,P0907,2026-04-16,48,search,1,보관
CT00643,U0056,P1537,2026-03-19,76,recommendation,1,충동
CT00644,U0057,P1461,2026-04-25,39,search,1,보관
CT00645,U0057,P1962,2026-04-02,62,home_recommendation,1,충동
CT00646,U0057,P0449,2026-03-08,87,event_banner,1,클렌징_시즌
CT00647,U0057,P1097,2026-03-07,88,recommendation,1,클렌징_시즌
CT00648,U0057,P1359,2026-05-13,21,search,1,고민
CT00649,U0057,P1828,2026-04-11,53,recommendation,1,클렌징_시즌
CT00650,U0057,P0957,2026-04-04,60,search,1,고민
CT00651,U0057,P0639,2026-03-20,75,recommendation,1,클렌징_시즌
CT00652,U0057,P1883,2026-03-08,87,event_banner,1,충동
CT00653,U0057,P0750,2026-03-08,87,home_recommendation,1,클렌징_시즌
CT00654,U0057,P1713,2026-03-03,92,recommendation,1,충동
CT00655,U0058,P1819,2026-04-01,63,category_page,1,고민
CT00656,U0058,P1650,2026-05-16,18,repurchase_reminder,1,보관
CT00657,U0058,P0890,2026-03-29,66,product_detail,1,고민
CT00658,U0058,P1123,2026-03-21,74,home_recommendation,1,충동
CT00659,U0058,P1466,2026-05-08,26,repurchase_reminder,1,보관
CT00660,U0058,P0156,2026-03-13,82,recommendation,1,충동
CT00661,U0058,P0760,2026-03-15,80,home_recommendation,1,클렌징_시즌
CT00662,U0058,P0458,2026-05-12,22,category_page,1,고민
CT00663,U0059,P0684,2026-05-06,28,search,1,고민
CT00664,U0059,P0878,2026-05-18,16,repurchase_reminder,1,보관
CT00665,U0059,P0999,2026-05-10,24,price_drop,1,보관
CT00666,U0059,P1720,2026-03-25,70,recommendation,1,클렌징_니즈해결
CT00667,U0059,P0799,2026-03-28,67,product_detail,1,고민
CT00668,U0059,P1938,2026-05-06,28,search,1,고민
CT00669,U0059,P1835,2026-04-26,38,search,1,고민
CT00670,U0059,P1109,2026-04-14,50,product_detail,1,고민
CT00671,U0060,P1442,2026-04-02,62,search,1,고민
CT00672,U0060,P1736,2026-04-21,43,price_drop,1,보관
CT00673,U0060,P0055,2026-04-12,52,search,1,고민
CT00674,U0060,P0952,2026-05-12,22,category_page,1,고민
CT00675,U0060,P1148,2026-04-21,43,category_page,1,고민
CT00676,U0060,P1642,2026-05-12,22,search,1,보관
CT00677,U0060,P1057,2026-04-27,37,category_page,1,고민
CT00678,U0060,P0544,2026-04-21,43,search,1,보관
CT00679,U0060,P1121,2026-03-25,70,recommendation,1,충동
CT00680,U0060,P1825,2026-02-25,98,sns_ad,1,충동
CT00681,U0060,P1951,2026-04-03,61,event_banner,1,충동
CT00682,U0060,P0750,2026-04-30,34,repurchase_reminder,1,보관
CT00683,U0060,P1909,2026-03-23,72,sns_ad,1,클렌징_니즈해결
CT00684,U0060,P0883,2026-04-09,55,search,1,고민
CT00685,U0061,P1679,2026-04-10,54,sns_ad,1,충동
CT00686,U0061,P0499,2026-03-06,89,recommendation,1,클렌징_시즌
CT00687,U0061,P1947,2026-04-13,51,event_banner,1,충동
CT00688,U0061,P1857,2026-04-14,50,repurchase_reminder,1,보관
CT00689,U0061,P1065,2026-03-16,79,recommendation,1,클렌징_시즌
CT00690,U0061,P1206,2026-03-17,78,event_banner,1,클렌징_니즈해결
CT00691,U0061,P0842,2026-04-14,50,product_detail,1,고민
CT00692,U0061,P1757,2026-04-10,54,recommendation,1,충동
CT00693,U0061,P0684,2026-04-03,61,event_banner,1,클렌징_시즌
CT00694,U0061,P1475,2026-04-08,56,category_page,1,고민
CT00695,U0062,P0185,2026-04-02,62,category_page,1,고민
CT00696,U0062,P1605,2026-05-03,31,search,1,고민
CT00697,U0062,P0895,2026-05-10,24,search,1,보관
CT00698,U0062,P0026,2026-05-09,25,search,1,보관
CT00699,U0062,P1749,2026-04-07,57,category_page,1,고민
CT00700,U0062,P1155,2026-04-11,53,recommendation,1,클렌징_시즌
CT00701,U0062,P1270,2026-04-11,53,home_recommendation,1,클렌징_니즈해결
CT00702,U0062,P0685,2026-04-11,53,recommendation,1,충동
CT00703,U0063,P0517,2026-03-26,69,product_detail,1,고민
CT00704,U0063,P1890,2026-05-04,30,repurchase_reminder,1,보관
CT00705,U0063,P0840,2026-04-18,46,search,1,보관
CT00706,U0063,P0024,2026-05-10,24,repurchase_reminder,1,보관
CT00707,U0063,P1799,2026-04-12,52,search,1,고민
CT00708,U0063,P1349,2026-04-11,53,category_page,1,고민
CT00709,U0063,P1446,2026-05-12,22,price_drop,1,보관
CT00710,U0063,P0896,2026-05-09,25,repurchase_reminder,1,보관
CT00711,U0063,P0958,2026-02-28,95,sns_ad,1,클렌징_니즈해결
CT00712,U0063,P1155,2026-04-13,51,category_page,1,고민
CT00713,U0063,P0209,2026-05-07,27,price_drop,1,보관
CT00714,U0063,P1030,2026-05-12,22,repurchase_reminder,1,보관
CT00715,U0063,P1240,2026-04-12,52,sns_ad,1,클렌징_니즈해결
CT00716,U0063,P0641,2026-04-19,45,price_drop,1,보관
CT00717,U0064,P1872,2026-05-09,25,repurchase_reminder,1,보관
CT00718,U0064,P0790,2026-03-14,81,event_banner,1,클렌징_시즌
CT00719,U0064,P1607,2026-04-26,38,search,1,보관
CT00720,U0064,P1098,2026-05-10,24,search,1,보관
CT00721,U0064,P0940,2026-05-13,21,price_drop,1,보관
CT00722,U0064,P1675,2026-05-24,10,search,1,보관
CT00723,U0064,P1137,2026-05-12,22,category_page,1,고민
CT00724,U0064,P0313,2026-02-26,97,home_recommendation,1,충동
CT00725,U0064,P0887,2026-04-19,45,search,1,보관
CT00726,U0064,P0391,2026-03-26,69,product_detail,1,고민
CT00727,U0064,P0580,2026-03-18,77,home_recommendation,1,클렌징_시즌
CT00728,U0065,P0847,2026-05-10,24,repurchase_reminder,1,보관
CT00729,U0065,P1005,2026-04-13,51,search,1,고민
CT00730,U0065,P1334,2026-05-11,23,search,1,고민
CT00731,U0065,P0040,2026-05-06,28,price_drop,1,보관
CT00732,U0065,P1847,2026-03-04,91,home_recommendation,1,클렌징_시즌
CT00733,U0065,P1165,2026-04-25,39,product_detail,1,고민
CT00734,U0065,P0555,2026-05-17,17,search,1,보관
CT00735,U0065,P1608,2026-05-05,29,repurchase_reminder,1,보관
CT00736,U0065,P1505,2026-04-16,48,search,1,고민
CT00737,U0065,P0860,2026-03-06,89,home_recommendation,1,클렌징_시즌
CT00738,U0065,P0660,2026-04-06,58,product_detail,1,고민
CT00739,U0066,P1173,2026-04-05,59,category_page,1,고민
CT00740,U0066,P1784,2026-03-29,66,recommendation,1,충동
CT00741,U0066,P0744,2026-05-05,29,search,1,보관
CT00742,U0066,P0650,2026-05-22,12,repurchase_reminder,1,보관
CT00743,U0066,P1753,2026-05-01,33,search,1,보관
CT00744,U0066,P0030,2026-04-27,37,repurchase_reminder,1,보관
CT00745,U0066,P0856,2026-03-20,75,event_banner,1,충동
CT00746,U0066,P1068,2026-03-08,87,sns_ad,1,충동
CT00747,U0066,P1662,2026-04-09,55,recommendation,1,충동
CT00748,U0067,P1702,2026-04-05,59,sns_ad,1,충동
CT00749,U0067,P0750,2026-03-18,77,sns_ad,1,클렌징_시즌
CT00750,U0067,P0030,2026-05-13,21,price_drop,1,보관
CT00751,U0067,P1890,2026-04-20,44,search,1,보관
CT00752,U0067,P1566,2026-05-18,16,search,1,보관
CT00753,U0067,P1349,2026-04-14,50,event_banner,1,클렌징_니즈해결
CT00754,U0067,P1253,2026-03-05,90,sns_ad,1,충동
CT00755,U0067,P0535,2026-04-06,58,search,1,고민
CT00756,U0067,P0848,2026-03-21,74,sns_ad,1,충동
CT00757,U0067,P1068,2026-05-06,28,price_drop,1,보관
CT00758,U0067,P1098,2026-05-16,18,repurchase_reminder,1,보관
CT00759,U0067,P0876,2026-05-22,12,price_drop,1,보관
CT00760,U0067,P0638,2026-05-07,27,price_drop,1,보관
CT00761,U0068,P0630,2026-05-03,31,category_page,1,고민
CT00762,U0068,P0694,2026-05-21,13,search,1,보관
CT00763,U0068,P0782,2026-03-14,81,home_recommendation,1,충동
CT00764,U0068,P0239,2026-05-03,31,repurchase_reminder,1,보관
CT00765,U0068,P1671,2026-04-07,57,sns_ad,1,충동
CT00766,U0068,P1738,2026-03-16,79,sns_ad,1,클렌징_니즈해결
CT00767,U0068,P1612,2026-05-14,20,search,1,보관
CT00768,U0068,P1838,2026-04-27,37,search,1,고민
CT00769,U0068,P1161,2026-05-01,33,product_detail,1,고민
CT00770,U0069,P1096,2026-02-23,100,home_recommendation,1,충동
CT00771,U0069,P0100,2026-04-14,50,search,1,보관
CT00772,U0069,P1559,2026-04-27,37,search,1,고민
CT00773,U0069,P0310,2026-05-11,23,category_page,1,고민
CT00774,U0069,P0666,2026-05-22,12,repurchase_reminder,1,보관
CT00775,U0069,P0802,2026-04-30,34,category_page,1,고민
CT00776,U0069,P1849,2026-04-23,41,price_drop,1,보관
CT00777,U0069,P0600,2026-05-23,11,repurchase_reminder,1,보관
CT00778,U0069,P1321,2026-04-22,42,search,1,고민
CT00779,U0069,P0851,2026-05-13,21,price_drop,1,보관
CT00780,U0069,P1680,2026-04-06,58,sns_ad,1,클렌징_시즌
CT00781,U0069,P1155,2026-04-19,45,product_detail,1,고민
CT00782,U0069,P1917,2026-03-31,64,category_page,1,고민
CT00783,U0070,P1718,2026-05-22,12,search,1,보관
CT00784,U0070,P1373,2026-03-25,70,event_banner,1,클렌징_시즌
CT00785,U0070,P0842,2026-03-03,92,home_recommendation,1,충동
CT00786,U0070,P0873,2026-04-12,52,home_recommendation,1,클렌징_니즈해결
CT00787,U0070,P1918,2026-03-30,65,search,1,고민
CT00788,U0070,P1099,2026-04-11,53,event_banner,1,클렌징_니즈해결
CT00789,U0070,P1860,2026-04-14,50,recommendation,1,클렌징_시즌
CT00790,U0070,P1145,2026-04-13,51,event_banner,1,클렌징_시즌
CT00791,U0070,P1474,2026-04-26,38,category_page,1,고민
CT00792,U0070,P0031,2026-03-31,64,search,1,고민
CT00793,U0070,P0935,2026-05-06,28,category_page,1,고민
CT00794,U0070,P0671,2026-05-15,19,search,1,보관
CT00795,U0070,P0529,2026-04-10,54,search,1,고민
CT00796,U0071,P0933,2026-03-24,71,sns_ad,1,충동
CT00797,U0071,P0012,2026-04-15,49,search,1,보관
CT00798,U0071,P1933,2026-04-06,58,recommendation,1,충동
CT00799,U0071,P1078,2026-03-18,77,sns_ad,1,클렌징_시즌
CT00800,U0071,P1512,2026-04-18,46,category_page,1,고민
CT00801,U0071,P0687,2026-04-25,39,search,1,보관
CT00802,U0071,P1610,2026-04-21,43,repurchase_reminder,1,보관
CT00803,U0071,P1903,2026-04-15,49,repurchase_reminder,1,보관
CT00804,U0071,P0365,2026-05-03,31,product_detail,1,고민
CT00805,U0071,P0849,2026-04-15,49,category_page,1,고민
CT00806,U0071,P1165,2026-05-11,23,category_page,1,고민
CT00807,U0071,P1829,2026-04-16,48,category_page,1,고민
CT00808,U0071,P1221,2026-03-31,64,sns_ad,1,충동
CT00809,U0071,P0560,2026-04-29,35,search,1,보관
CT00810,U0072,P1107,2026-05-09,25,search,1,보관
CT00811,U0072,P0447,2026-04-03,61,home_recommendation,1,클렌징_시즌
CT00812,U0072,P1738,2026-05-03,31,category_page,1,고민
CT00813,U0072,P1588,2026-04-08,56,product_detail,1,고민
CT00814,U0072,P0840,2026-04-05,59,home_recommendation,1,클렌징_시즌
CT00815,U0072,P0101,2026-05-23,11,search,1,보관
CT00816,U0072,P0189,2026-05-09,25,search,1,보관
CT00817,U0072,P1182,2026-04-13,51,product_detail,1,고민
CT00818,U0072,P1890,2026-05-20,14,price_drop,1,보관
CT00819,U0072,P0904,2026-04-15,49,price_drop,1,보관
CT00820,U0072,P1229,2026-03-07,88,event_banner,1,클렌징_시즌
CT00821,U0073,P1928,2026-05-04,30,category_page,1,고민
CT00822,U0073,P1465,2026-04-29,35,search,1,고민
CT00823,U0073,P0341,2026-04-13,51,product_detail,1,고민
CT00824,U0073,P0666,2026-04-15,49,price_drop,1,보관
CT00825,U0073,P1124,2026-03-02,93,sns_ad,1,충동
CT00826,U0073,P1719,2026-04-18,46,category_page,1,고민
CT00827,U0073,P0549,2026-03-20,75,sns_ad,1,클렌징_니즈해결
CT00828,U0073,P1589,2026-05-23,11,price_drop,1,보관
CT00829,U0073,P0790,2026-03-04,91,recommendation,1,클렌징_니즈해결
CT00830,U0074,P0307,2026-04-02,62,search,1,고민
CT00831,U0074,P1801,2026-02-28,95,event_banner,1,충동
CT00832,U0074,P0465,2026-03-26,69,sns_ad,1,클렌징_시즌
CT00833,U0074,P0779,2026-04-27,37,product_detail,1,고민
CT00834,U0074,P1928,2026-03-01,94,recommendation,1,클렌징_시즌
CT00835,U0074,P1860,2026-05-11,23,price_drop,1,보관
CT00836,U0074,P0147,2026-05-03,31,product_detail,1,고민
CT00837,U0074,P0869,2026-04-03,61,sns_ad,1,충동
CT00838,U0074,P0934,2026-04-08,56,event_banner,1,충동
CT00839,U0074,P1093,2026-04-13,51,sns_ad,1,충동
CT00840,U0075,P1790,2026-05-14,20,product_detail,1,고민
CT00841,U0075,P0328,2026-04-22,42,search,1,고민
CT00842,U0075,P0937,2026-04-29,35,repurchase_reminder,1,보관
CT00843,U0075,P1671,2026-05-23,11,price_drop,1,보관
CT00844,U0075,P1250,2026-04-07,57,category_page,1,고민
CT00845,U0075,P0495,2026-04-20,44,category_page,1,고민
CT00846,U0075,P1754,2026-04-30,34,repurchase_reminder,1,보관
CT00847,U0075,P0796,2026-03-29,66,recommendation,1,클렌징_니즈해결
CT00848,U0075,P1562,2026-04-19,45,category_page,1,고민
CT00849,U0075,P0030,2026-05-06,28,price_drop,1,보관
CT00850,U0075,P0760,2026-04-21,43,price_drop,1,보관
CT00851,U0075,P1498,2026-05-10,24,search,1,고민
CT00852,U0075,P1008,2026-04-17,47,product_detail,1,고민
CT00853,U0075,P0920,2026-04-22,42,repurchase_reminder,1,보관
CT00854,U0076,P0407,2026-05-07,27,repurchase_reminder,1,보관
CT00855,U0076,P1703,2026-03-26,69,event_banner,1,충동
CT00856,U0076,P1383,2026-03-10,85,sns_ad,1,클렌징_시즌
CT00857,U0076,P1464,2026-04-08,56,search,1,고민
CT00858,U0076,P1075,2026-05-06,28,price_drop,1,보관
CT00859,U0076,P1053,2026-05-03,31,search,1,보관
CT00860,U0076,P0045,2026-04-22,42,repurchase_reminder,1,보관
CT00861,U0076,P1879,2026-03-07,88,event_banner,1,클렌징_니즈해결
CT00862,U0076,P1919,2026-05-11,23,search,1,보관
CT00863,U0076,P0360,2026-03-19,76,event_banner,1,클렌징_시즌
CT00864,U0077,P1959,2026-04-17,47,repurchase_reminder,1,보관
CT00865,U0077,P1117,2026-03-21,74,sns_ad,1,클렌징_시즌
CT00866,U0077,P1195,2026-05-14,20,search,1,고민
CT00867,U0077,P1497,2026-03-31,64,search,1,고민
CT00868,U0077,P0100,2026-04-19,45,search,1,보관
CT00869,U0077,P0700,2026-04-23,41,repurchase_reminder,1,보관
CT00870,U0077,P0429,2026-03-16,79,recommendation,1,클렌징_시즌
CT00871,U0077,P1225,2026-03-26,69,home_recommendation,1,클렌징_니즈해결
CT00872,U0078,P1107,2026-04-03,61,home_recommendation,1,클렌징_시즌
CT00873,U0078,P1283,2026-04-11,53,category_page,1,고민
CT00874,U0078,P0731,2026-03-27,68,home_recommendation,1,클렌징_시즌
CT00875,U0078,P0279,2026-04-25,39,search,1,고민
CT00876,U0078,P0050,2026-05-10,24,search,1,보관
CT00877,U0078,P1248,2026-04-12,52,sns_ad,1,충동
CT00878,U0078,P1554,2026-04-14,50,repurchase_reminder,1,보관
CT00879,U0078,P1653,2026-05-20,14,repurchase_reminder,1,보관
CT00880,U0078,P0948,2026-04-14,50,search,1,고민
CT00881,U0079,P0868,2026-03-27,68,home_recommendation,1,충동
CT00882,U0079,P0679,2026-03-26,69,product_detail,1,고민
CT00883,U0079,P1268,2026-03-02,93,sns_ad,1,충동
CT00884,U0079,P1120,2026-04-03,61,sns_ad,1,클렌징_니즈해결
CT00885,U0079,P1838,2026-05-12,22,repurchase_reminder,1,보관
CT00886,U0079,P1614,2026-04-17,47,search,1,고민
CT00887,U0079,P0299,2026-04-22,42,search,1,고민
CT00888,U0079,P0620,2026-04-19,45,search,1,보관
CT00889,U0079,P1698,2026-02-28,95,event_banner,1,충동
CT00890,U0079,P1017,2026-04-30,34,product_detail,1,고민
CT00891,U0080,P1118,2026-05-05,29,search,1,고민
CT00892,U0080,P0359,2026-04-03,61,sns_ad,1,클렌징_니즈해결
CT00893,U0080,P1928,2026-03-08,87,event_banner,1,클렌징_시즌
CT00894,U0080,P1235,2026-04-14,50,category_page,1,고민
CT00895,U0080,P1385,2026-04-10,54,category_page,1,고민
CT00896,U0080,P1810,2026-03-16,79,sns_ad,1,충동
CT00897,U0080,P0822,2026-04-11,53,event_banner,1,충동
CT00898,U0080,P0754,2026-05-10,24,price_drop,1,보관
CT00899,U0080,P0475,2026-05-04,30,search,1,고민
CT00900,U0080,P1054,2026-03-31,64,product_detail,1,고민
CT00901,U0080,P1135,2026-05-08,26,category_page,1,고민
CT00902,U0080,P1484,2026-05-16,18,search,1,보관
CT00903,U0080,P1532,2026-04-24,40,product_detail,1,고민
CT00904,U0081,P1023,2026-04-27,37,search,1,보관
CT00905,U0081,P0749,2026-04-30,34,price_drop,1,보관
CT00906,U0081,P0645,2026-04-20,44,repurchase_reminder,1,보관
CT00907,U0081,P1149,2026-05-09,25,product_detail,1,고민
CT00908,U0081,P0075,2026-05-09,25,repurchase_reminder,1,보관
CT00909,U0081,P1967,2026-03-27,68,sns_ad,1,충동
CT00910,U0081,P1216,2026-04-19,45,product_detail,1,고민
CT00911,U0081,P1511,2026-04-02,62,product_detail,1,고민
CT00912,U0081,P0866,2026-04-14,50,home_recommendation,1,충동
CT00913,U0081,P0954,2026-02-26,97,recommendation,1,충동
CT00914,U0081,P1890,2026-05-05,29,price_drop,1,보관
CT00915,U0081,P0164,2026-04-27,37,product_detail,1,고민
CT00916,U0081,P0840,2026-03-04,91,recommendation,1,클렌징_시즌
CT00917,U0081,P1587,2026-02-23,100,sns_ad,1,충동
CT00918,U0082,P1229,2026-05-01,33,search,1,고민
CT00919,U0082,P1939,2026-04-26,38,price_drop,1,보관
CT00920,U0082,P1881,2026-04-08,56,sns_ad,1,클렌징_니즈해결
CT00921,U0082,P0395,2026-05-09,25,search,1,보관
CT00922,U0082,P0617,2026-05-14,20,search,1,고민
CT00923,U0082,P1121,2026-03-26,69,event_banner,1,충동
CT00924,U0082,P1818,2026-03-22,73,event_banner,1,클렌징_시즌
CT00925,U0082,P1057,2026-05-15,19,repurchase_reminder,1,보관
CT00926,U0082,P0220,2026-04-16,48,product_detail,1,고민
CT00927,U0082,P1756,2026-05-01,33,repurchase_reminder,1,보관
CT00928,U0082,P0730,2026-05-13,21,search,1,고민
CT00929,U0082,P1294,2026-05-09,25,search,1,고민
CT00930,U0083,P1178,2026-05-07,27,search,1,고민
CT00931,U0083,P0365,2026-04-14,50,category_page,1,고민
CT00932,U0083,P1610,2026-04-15,49,product_detail,1,고민
CT00933,U0083,P1002,2026-04-26,38,search,1,보관
CT00934,U0083,P1662,2026-03-13,82,event_banner,1,충동
CT00935,U0083,P0942,2026-04-30,34,search,1,보관
CT00936,U0083,P0670,2026-05-04,30,search,1,보관
CT00937,U0083,P0790,2026-03-08,87,event_banner,1,클렌징_시즌
CT00938,U0083,P1879,2026-03-07,88,recommendation,1,충동
CT00939,U0083,P0550,2026-04-27,37,search,1,보관
CT00940,U0083,P0224,2026-04-07,57,search,1,고민
CT00941,U0083,P1098,2026-05-12,22,repurchase_reminder,1,보관
CT00942,U0083,P0895,2026-05-02,32,repurchase_reminder,1,보관
CT00943,U0084,P0422,2026-04-07,57,search,1,고민
CT00944,U0084,P0641,2026-05-07,27,repurchase_reminder,1,보관
CT00945,U0084,P0110,2026-05-18,16,search,1,보관
CT00946,U0084,P0890,2026-04-16,48,price_drop,1,보관
CT00947,U0084,P0921,2026-05-15,19,price_drop,1,보관
CT00948,U0084,P1305,2026-05-10,24,search,1,고민
CT00949,U0084,P1916,2026-04-03,61,recommendation,1,충동
CT00950,U0084,P1462,2026-05-03,31,search,1,보관
CT00951,U0084,P1244,2026-02-23,100,event_banner,1,충동
CT00952,U0084,P1080,2026-03-05,90,event_banner,1,클렌징_시즌
CT00953,U0085,P1011,2026-05-11,23,search,1,보관
CT00954,U0085,P0958,2026-04-01,63,product_detail,1,고민
CT00955,U0085,P0237,2026-05-01,33,category_page,1,고민
CT00956,U0085,P0550,2026-05-05,29,search,1,보관
CT00957,U0085,P0398,2026-03-27,68,category_page,1,고민
CT00958,U0085,P1308,2026-04-30,34,repurchase_reminder,1,보관
CT00959,U0085,P0686,2026-04-14,50,repurchase_reminder,1,보관
CT00960,U0085,P1640,2026-05-12,22,repurchase_reminder,1,보관
CT00961,U0085,P1650,2026-03-03,92,home_recommendation,1,클렌징_시즌
CT00962,U0085,P1175,2026-03-27,68,recommendation,1,클렌징_시즌
CT00963,U0085,P1479,2026-05-09,25,search,1,고민
CT00964,U0085,P1210,2026-05-13,21,search,1,고민
CT00965,U0085,P1874,2026-04-21,43,repurchase_reminder,1,보관
CT00966,U0085,P0874,2026-04-21,43,category_page,1,고민
CT00967,U0086,P0950,2026-05-17,17,price_drop,1,보관
CT00968,U0086,P1032,2026-05-02,32,price_drop,1,보관
CT00969,U0086,P1138,2026-03-09,86,event_banner,1,클렌징_니즈해결
CT00970,U0086,P0317,2026-04-06,58,product_detail,1,고민
CT00971,U0086,P1703,2026-04-30,34,repurchase_reminder,1,보관
CT00972,U0086,P0737,2026-05-05,29,repurchase_reminder,1,보관
CT00973,U0086,P1724,2026-03-31,64,search,1,고민
CT00974,U0086,P0571,2026-05-18,16,price_drop,1,보관
CT00975,U0086,P0790,2026-05-05,29,product_detail,1,고민
CT00976,U0086,P1423,2026-04-04,60,category_page,1,고민
CT00977,U0086,P1570,2026-04-21,43,search,1,보관
CT00978,U0086,P1459,2026-04-24,40,category_page,1,고민
CT00979,U0086,P0915,2026-03-23,72,recommendation,1,충동
CT00980,U0087,P1175,2026-04-12,52,category_page,1,고민
CT00981,U0087,P0459,2026-04-16,48,search,1,보관
CT00982,U0087,P1484,2026-04-13,51,category_page,1,고민
CT00983,U0087,P1219,2026-03-18,77,event_banner,1,클렌징_시즌
CT00984,U0087,P0349,2026-03-30,65,product_detail,1,고민
CT00985,U0087,P1939,2026-03-04,91,home_recommendation,1,클렌징_니즈해결
CT00986,U0087,P1759,2026-04-30,34,price_drop,1,보관
CT00987,U0087,P1900,2026-04-03,61,sns_ad,1,클렌징_시즌
CT00988,U0088,P1693,2026-03-26,69,event_banner,1,충동
CT00989,U0088,P0071,2026-05-16,18,search,1,보관
CT00990,U0088,P0987,2026-05-16,18,search,1,보관
CT00991,U0088,P0740,2026-04-21,43,search,1,보관
CT00992,U0088,P1147,2026-05-03,31,category_page,1,고민
CT00993,U0088,P0972,2026-03-01,94,event_banner,1,충동
CT00994,U0088,P0918,2026-03-31,64,sns_ad,1,클렌징_니즈해결
CT00995,U0088,P1210,2026-04-07,57,home_recommendation,1,클렌징_니즈해결
CT00996,U0088,P1571,2026-04-26,38,search,1,고민
CT00997,U0088,P0173,2026-04-03,61,recommendation,1,충동
CT00998,U0089,P0619,2026-03-04,91,home_recommendation,1,클렌징_시즌
CT00999,U0089,P1683,2026-05-21,13,price_drop,1,보관
CT01000,U0089,P0850,2026-05-10,24,price_drop,1,보관
CT01001,U0089,P1404,2026-03-28,67,category_page,1,고민
CT01002,U0089,P1251,2026-03-04,91,sns_ad,1,충동
CT01003,U0089,P0720,2026-04-14,50,category_page,1,고민
CT01004,U0089,P1198,2026-05-09,25,category_page,1,고민
CT01005,U0089,P1561,2026-04-21,43,repurchase_reminder,1,보관
CT01006,U0089,P1808,2026-04-04,60,sns_ad,1,클렌징_시즌
CT01007,U0089,P1740,2026-05-01,33,repurchase_reminder,1,보관
CT01008,U0089,P0100,2026-05-03,31,search,1,보관
CT01009,U0089,P1968,2026-03-06,89,event_banner,1,클렌징_시즌
CT01010,U0090,P0178,2026-03-26,69,category_page,1,고민
CT01011,U0090,P0431,2026-04-04,60,product_detail,1,고민
CT01012,U0090,P1923,2026-03-28,67,event_banner,1,클렌징_니즈해결
CT01013,U0090,P0948,2026-04-02,62,search,1,고민
CT01014,U0090,P1453,2026-05-09,25,product_detail,1,고민
CT01015,U0090,P1840,2026-04-12,52,sns_ad,1,충동
CT01016,U0090,P1006,2026-05-02,32,search,1,보관
CT01017,U0090,P1226,2026-03-01,94,sns_ad,1,클렌징_니즈해결
CT01018,U0090,P0667,2026-05-11,23,repurchase_reminder,1,보관
CT01019,U0090,P1673,2026-03-29,66,event_banner,1,충동
CT01020,U0091,P0697,2026-05-11,23,product_detail,1,고민
CT01021,U0091,P0761,2026-03-08,87,event_banner,1,충동
CT01022,U0091,P1145,2026-04-20,44,category_page,1,고민
CT01023,U0091,P0630,2026-04-28,36,product_detail,1,고민
CT01024,U0091,P1807,2026-04-17,47,price_drop,1,보관
CT01025,U0091,P0210,2026-05-08,26,search,1,고민
CT01026,U0091,P1702,2026-04-13,51,sns_ad,1,충동
CT01027,U0091,P1751,2026-05-20,14,search,1,보관
CT01028,U0091,P0434,2026-04-10,54,search,1,고민
CT01029,U0091,P1940,2026-03-18,77,event_banner,1,클렌징_니즈해결
CT01030,U0091,P1421,2026-04-07,57,product_detail,1,고민
CT01031,U0091,P1573,2026-04-11,53,recommendation,1,충동
CT01032,U0091,P1890,2026-04-23,41,product_detail,1,고민
CT01033,U0091,P1250,2026-04-24,40,product_detail,1,고민
CT01034,U0092,P0800,2026-03-14,81,home_recommendation,1,클렌징_니즈해결
CT01035,U0092,P0679,2026-03-31,64,category_page,1,고민
CT01036,U0092,P1935,2026-03-21,74,home_recommendation,1,충동
CT01037,U0092,P1145,2026-03-23,72,event_banner,1,클렌징_시즌
CT01038,U0092,P0036,2026-04-17,47,repurchase_reminder,1,보관
CT01039,U0092,P0648,2026-05-12,22,search,1,보관
CT01040,U0092,P0264,2026-04-14,50,sns_ad,1,충동
CT01041,U0092,P1550,2026-05-11,23,product_detail,1,고민
CT01042,U0092,P1343,2026-03-30,65,search,1,고민
CT01043,U0093,P0014,2026-05-05,29,search,1,보관
CT01044,U0093,P0902,2026-04-08,56,product_detail,1,고민
CT01045,U0093,P1419,2026-04-23,41,product_detail,1,고민
CT01046,U0093,P1840,2026-03-30,65,sns_ad,1,충동
CT01047,U0093,P1185,2026-04-27,37,price_drop,1,보관
CT01048,U0093,P0448,2026-04-24,40,search,1,고민
CT01049,U0093,P1870,2026-03-10,85,sns_ad,1,클렌징_니즈해결
CT01050,U0093,P1441,2026-04-24,40,product_detail,1,고민
CT01051,U0093,P0255,2026-04-28,36,product_detail,1,고민
CT01052,U0093,P1618,2026-02-28,95,recommendation,1,클렌징_니즈해결
CT01053,U0094,P0590,2026-05-21,13,repurchase_reminder,1,보관
CT01054,U0094,P0856,2026-02-25,98,recommendation,1,충동
CT01055,U0094,P1799,2026-04-05,59,product_detail,1,고민
CT01056,U0094,P1310,2026-05-23,11,search,1,보관
CT01057,U0094,P0970,2026-04-05,59,home_recommendation,1,클렌징_시즌
CT01058,U0094,P1000,2026-03-18,77,recommendation,1,충동
CT01059,U0094,P1880,2026-04-08,56,sns_ad,1,클렌징_시즌
CT01060,U0094,P0375,2026-03-02,93,sns_ad,1,클렌징_시즌
CT01061,U0094,P1539,2026-03-27,68,search,1,고민
CT01062,U0095,P0905,2026-04-11,53,recommendation,1,충동
CT01063,U0095,P1404,2026-04-16,48,product_detail,1,고민
CT01064,U0095,P0480,2026-04-19,45,search,1,보관
CT01065,U0095,P1841,2026-05-24,10,price_drop,1,보관
CT01066,U0095,P1641,2026-03-11,84,event_banner,1,충동
CT01067,U0095,P1915,2026-04-09,55,event_banner,1,충동
CT01068,U0095,P0059,2026-04-27,37,search,1,보관
CT01069,U0095,P1093,2026-03-11,84,event_banner,1,충동
CT01070,U0095,P0560,2026-02-24,99,recommendation,1,클렌징_시즌
CT01071,U0095,P0700,2026-02-26,97,home_recommendation,1,클렌징_시즌
CT01072,U0096,P0890,2026-05-16,18,repurchase_reminder,1,보관
CT01073,U0096,P1917,2026-05-14,20,category_page,1,고민
CT01074,U0096,P1242,2026-04-11,53,event_banner,1,충동
CT01075,U0096,P0732,2026-05-06,28,repurchase_reminder,1,보관
CT01076,U0096,P1364,2026-03-19,76,home_recommendation,1,클렌징_니즈해결
CT01077,U0096,P0994,2026-03-06,89,recommendation,1,클렌징_시즌
CT01078,U0096,P1602,2026-04-06,58,event_banner,1,충동
CT01079,U0096,P1770,2026-04-10,54,category_page,1,고민
CT01080,U0096,P1885,2026-05-08,26,search,1,고민
CT01081,U0096,P0376,2026-04-30,34,product_detail,1,고민
CT01082,U0096,P0788,2026-04-11,53,sns_ad,1,충동
CT01083,U0096,P1074,2026-04-20,44,price_drop,1,보관
CT01084,U0097,P0710,2026-05-18,16,search,1,보관
CT01085,U0097,P0982,2026-04-14,50,price_drop,1,보관
CT01086,U0097,P1177,2026-05-06,28,search,1,고민
CT01087,U0097,P1395,2026-05-03,31,category_page,1,고민
CT01088,U0097,P1939,2026-03-02,93,home_recommendation,1,클렌징_시즌
CT01089,U0097,P1724,2026-04-26,38,price_drop,1,보관
CT01090,U0097,P1471,2026-04-08,56,product_detail,1,고민
CT01091,U0097,P1219,2026-03-08,87,sns_ad,1,클렌징_시즌
CT01092,U0097,P0633,2026-05-17,17,search,1,보관
CT01093,U0097,P1644,2026-04-15,49,search,1,보관
CT01094,U0097,P1905,2026-04-18,46,price_drop,1,보관
CT01095,U0097,P1820,2026-03-24,71,sns_ad,1,충동
CT01096,U0098,P1491,2026-04-15,49,product_detail,1,고민
CT01097,U0098,P1119,2026-03-13,82,sns_ad,1,충동
CT01098,U0098,P1145,2026-03-27,68,product_detail,1,고민
CT01099,U0098,P0740,2026-03-31,64,sns_ad,1,클렌징_시즌
CT01100,U0098,P1890,2026-02-26,97,home_recommendation,1,클렌징_시즌
CT01101,U0098,P1680,2026-04-05,59,sns_ad,1,클렌징_시즌
CT01102,U0098,P1776,2026-04-13,51,event_banner,1,충동
CT01103,U0098,P0981,2026-04-16,48,search,1,보관
CT01104,U0098,P1618,2026-04-16,48,search,1,고민
CT01105,U0098,P1810,2026-04-13,51,event_banner,1,충동
CT01106,U0099,P1599,2026-04-14,50,search,1,보관
CT01107,U0099,P1928,2026-04-14,50,event_banner,1,클렌징_니즈해결
CT01108,U0099,P0725,2026-05-19,15,price_drop,1,보관
CT01109,U0099,P1305,2026-03-24,71,home_recommendation,1,클렌징_시즌
CT01110,U0099,P1735,2026-04-17,47,price_drop,1,보관
CT01111,U0099,P0901,2026-02-28,95,sns_ad,1,클렌징_니즈해결
CT01112,U0099,P1053,2026-05-22,12,price_drop,1,보관
CT01113,U0099,P0940,2026-04-20,44,price_drop,1,보관
CT01114,U0100,P1650,2026-04-03,61,sns_ad,1,클렌징_시즌
CT01115,U0100,P0367,2026-03-05,90,recommendation,1,클렌징_시즌
CT01116,U0100,P0921,2026-04-19,45,product_detail,1,고민
CT01117,U0100,P1900,2026-04-21,43,search,1,보관
CT01118,U0100,P1504,2026-05-15,19,price_drop,1,보관
CT01119,U0100,P0304,2026-04-26,38,price_drop,1,보관
CT01120,U0100,P1014,2026-04-14,50,search,1,고민
CT01121,U0100,P0640,2026-03-02,93,sns_ad,1,클렌징_시즌
CT01122,U0100,P0770,2026-05-04,30,search,1,고민
CT01123,U0100,P1734,2026-04-14,50,search,1,고민
CT01124,U0100,P0900,2026-05-06,28,repurchase_reminder,1,보관
CT01125,U0100,P1241,2026-03-01,94,sns_ad,1,클렌징_니즈해결
CT01126,U0100,P1433,2026-04-14,50,product_detail,1,고민
CT01127,U0100,P0021,2026-04-14,50,recommendation,1,클렌징_니즈해결
