pattern_id,search_keyword,product_id,purchase_count,conversion_rate
SP0001,진정미스트,P0683,180,0.3486
SP0002,진정미스트,P0506,772,0.1515
SP0003,진정미스트,P1288,30,0.0495
SP0004,진정미스트,P0770,626,0.0416
SP0005,진정미스트,P1346,138,0.2104
SP0006,트리트먼트,P0970,678,0.1166
SP0007,트리트먼트,P0966,291,0.1206
SP0008,트리트먼트,P0964,277,0.1675
SP0009,트리트먼트,P0951,755,0.11
SP0010,트리트먼트,P0944,500,0.1725
SP0011,트리트먼트,P0958,793,0.2902
SP0012,립케어,P1368,448,0.2442
SP0013,립케어,P0365,207,0.0583
SP0014,립케어,P1249,735,0.1337
SP0015,립케어,P0867,411,0.2372
SP0016,립케어,P0920,452,0.0767
SP0017,립케어,P1437,150,0.2339
SP0018,립케어,P1542,619,0.0321
SP0019,립케어,P0790,672,0.1245
SP0020,립케어,P1343,680,0.3362
SP0021,립케어,P0213,445,0.2127
SP0022,립케어,P0929,224,0.3136
SP0023,시카,P1550,404,0.0359
SP0024,시카,P0787,158,0.248
SP0025,시카,P1607,660,0.1986
SP0026,시카,P0317,594,0.2855
SP0027,시카,P1606,34,0.206
SP0028,시카,P0192,57,0.1587
SP0029,시카,P0056,287,0.3253
SP0030,영양크림,P0520,225,0.1098
SP0031,영양크림,P0444,122,0.1519
SP0032,영양크림,P0382,724,0.2274
SP0033,영양크림,P0363,761,0.345
SP0034,영양크림,P0451,237,0.1104
SP0035,영양크림,P0386,209,0.0395
SP0036,영양크림,P0429,427,0.0608
SP0037,헤어팩,P0967,155,0.092
SP0038,헤어팩,P0959,333,0.1366
SP0039,헤어팩,P0978,326,0.0728
SP0040,헤어팩,P0927,535,0.0313
SP0041,헤어팩,P0925,588,0.0993
SP0042,수분패드,P0590,511,0.2003
SP0043,수분패드,P1927,258,0.0975
SP0044,수분패드,P0609,547,0.1668
SP0045,수분패드,P0777,717,0.2585
SP0046,수분패드,P1356,328,0.106
SP0047,오일클렌저,P1066,621,0.0716
SP0048,오일클렌저,P0446,405,0.116
SP0049,오일클렌저,P0410,710,0.2213
SP0050,오일클렌저,P1619,55,0.2319
SP0051,오일클렌저,P0526,632,0.0995
SP0052,오일클렌저,P0809,490,0.0577
SP0053,PHA,P0608,658,0.0445
SP0054,PHA,P1603,421,0.2069
SP0055,PHA,P0551,475,0.1193
SP0056,PHA,P0587,621,0.0928
SP0057,PHA,P1575,715,0.2629
SP0058,PHA,P1613,28,0.0476
SP0059,PHA,P1540,689,0.0765
SP0060,PHA,P0649,446,0.2868
SP0061,PHA,P0637,332,0.2963
SP0062,PHA,P0628,665,0.1837
SP0063,PHA,P1563,463,0.0946
SP0064,샴푸,P0872,470,0.0959
SP0065,샴푸,P0867,383,0.1787
SP0066,샴푸,P0851,71,0.3123
SP0067,샴푸,P0913,764,0.2241
SP0068,샴푸,P0856,228,0.0447
SP0069,샴푸,P0916,281,0.1866
SP0070,샴푸,P0858,319,0.3331
SP0071,히알루론산,P0193,563,0.0457
SP0072,히알루론산,P0108,269,0.3317
SP0073,히알루론산,P0502,493,0.3135
SP0074,히알루론산,P0211,514,0.0855
SP0075,히알루론산,P0090,54,0.3385
SP0076,히알루론산,P0239,762,0.2073
SP0077,히알루론산,P0074,42,0.1018
SP0078,히알루론산,P0538,475,0.1529
SP0079,보습강화,P0463,553,0.0889
SP0080,보습강화,P0220,776,0.1555
SP0081,보습강화,P1539,741,0.3176
SP0082,보습강화,P1640,263,0.2818
SP0083,보습강화,P0366,277,0.1399
SP0084,보습강화,P1628,279,0.3268
SP0085,보습강화,P1573,146,0.1158
SP0086,다크서클크림,P0648,502,0.2382
SP0087,다크서클크림,P0486,223,0.0458
SP0088,다크서클크림,P1023,407,0.1151
SP0089,다크서클크림,P0063,237,0.3413
SP0090,다크서클크림,P0132,363,0.054
SP0091,다크서클크림,P0605,74,0.0582
SP0092,다크서클크림,P1951,210,0.0661
SP0093,알부틴,P0234,646,0.3222
SP0094,알부틴,P0322,614,0.1767
SP0095,알부틴,P1377,767,0.2134
SP0096,알부틴,P0331,534,0.2243
SP0097,알부틴,P1388,170,0.1973
SP0098,알부틴,P1370,135,0.0942
SP0099,저자극,P0091,781,0.1907
SP0100,저자극,P0085,301,0.2422
SP0101,저자극,P0620,620,0.2101
SP0102,저자극,P0160,157,0.1119
SP0103,저자극,P0138,193,0.2671
SP0104,저자극,P1008,299,0.2537
SP0105,저자극,P0558,492,0.2999
SP0106,저자극,P0094,606,0.2027
SP0107,저자극,P1775,664,0.0523
SP0108,저자극,P0555,326,0.3224
SP0109,저자극,P1768,549,0.2224
SP0110,수분크림추천,P0387,299,0.0765
SP0111,수분크림추천,P0414,567,0.2154
SP0112,수분크림추천,P0457,188,0.3485
SP0113,수분크림추천,P0459,698,0.2952
SP0114,수분크림추천,P0434,261,0.2558
SP0115,수분크림추천,P0486,250,0.0573
SP0116,수분크림추천,P0460,102,0.2033
SP0117,레티놀,P0345,322,0.2822
SP0118,레티놀,P0494,685,0.2755
SP0119,레티놀,P1342,135,0.1059
SP0120,레티놀,P0265,433,0.0744
SP0121,레티놀,P1413,722,0.1499
SP0122,레티놀,P1399,638,0.1904
SP0123,레티놀,P1467,458,0.0348
SP0124,보습바디,P1113,79,0.3308
SP0125,보습바디,P0930,469,0.2197
SP0126,보습바디,P0238,275,0.1484
SP0127,보습바디,P1092,10,0.252
SP0128,보습바디,P0117,15,0.1321
SP0129,보습바디,P0112,691,0.1095
SP0130,립밤,P1116,262,0.2121
SP0131,립밤,P1081,487,0.2592
SP0132,립밤,P1076,32,0.3173
SP0133,립밤,P1074,99,0.1814
SP0134,립밤,P1097,744,0.0417
SP0135,립밤,P1078,523,0.3131
SP0136,립밤,P1100,409,0.1806
SP0137,립밤,P1125,30,0.1064
SP0138,립밤,P1092,277,0.0845
SP0139,립밤,P1105,769,0.0838
SP0140,쿠션,P1162,272,0.12
SP0141,쿠션,P1171,127,0.1439
SP0142,쿠션,P1140,548,0.1426
SP0143,쿠션,P1170,246,0.0924
SP0144,쿠션,P1183,447,0.2135
SP0145,쿠션,P1167,54,0.1011
SP0146,쿠션,P1195,638,0.3341
SP0147,쿠션,P1137,76,0.2866
SP0148,쿠션,P1146,617,0.1924
SP0149,쿠션,P1128,660,0.1777
SP0150,쿠션,P1169,654,0.1227
SP0151,폼클렌저,P0612,87,0.2956
SP0152,폼클렌저,P0639,383,0.1974
SP0153,폼클렌저,P0591,441,0.105
SP0154,폼클렌저,P0643,38,0.2544
SP0155,폼클렌저,P0555,205,0.3326
SP0156,폼클렌저,P0558,131,0.0995
SP0157,폼클렌저,P0564,479,0.0404
SP0158,폼클렌저,P0611,628,0.285
SP0159,폼클렌저,P0634,187,0.2324
SP0160,폼클렌저,P0623,401,0.0585
SP0161,팔레트,P0107,339,0.0509
SP0162,팔레트,P0641,292,0.161
SP0163,팔레트,P1516,480,0.0312
SP0164,팔레트,P0440,224,0.128
SP0165,팔레트,P1668,447,0.1352
SP0166,매트립,P1338,443,0.1804
SP0167,매트립,P0393,498,0.2057
SP0168,매트립,P1264,599,0.0485
SP0169,매트립,P0373,527,0.0436
SP0170,매트립,P0352,25,0.3188
SP0171,매트립,P1819,538,0.0371
SP0172,매트립,P1060,307,0.3048
SP0173,매트립,P0712,354,0.1282
SP0174,매트립,P0529,357,0.3419
SP0175,클렌징오일,P1766,354,0.2597
SP0176,클렌징오일,P1734,546,0.2768
SP0177,클렌징오일,P1749,726,0.2326
SP0178,클렌징오일,P1713,382,0.1116
SP0179,클렌징오일,P1716,734,0.0579
SP0180,클렌징오일,P1761,303,0.1049
SP0181,클렌징오일,P1735,375,0.0417
SP0182,클렌징오일,P1743,423,0.2714
SP0183,두피케어샴푸,P0920,156,0.0484
SP0184,두피케어샴푸,P0861,327,0.3383
SP0185,두피케어샴푸,P0917,338,0.0868
SP0186,두피케어샴푸,P0892,105,0.1984
SP0187,두피케어샴푸,P0906,494,0.1035
SP0188,두피케어샴푸,P0889,539,0.0532
SP0189,두피케어샴푸,P0884,280,0.3492
SP0190,티트리,P0574,626,0.1049
SP0191,티트리,P0762,253,0.1021
SP0192,티트리,P0603,769,0.0383
SP0193,티트리,P0802,122,0.1726
SP0194,티트리,P0554,695,0.3314
SP0195,티트리,P1598,140,0.3331
SP0196,티트리,P1624,117,0.0331
SP0197,티트리,P1631,275,0.277
SP0198,살리실산,P1585,738,0.1001
SP0199,살리실산,P0576,197,0.1481
SP0200,살리실산,P1550,140,0.1387
SP0201,살리실산,P0647,531,0.2238
SP0202,살리실산,P1740,230,0.2284
SP0203,살리실산,P1590,551,0.2522
SP0204,살리실산,P0546,606,0.1728
SP0205,살리실산,P1574,295,0.1973
SP0206,살리실산,P0642,662,0.0418
SP0207,살리실산,P0549,396,0.2442
SP0208,헤어세럼,P1087,327,0.0402
SP0209,헤어세럼,P0372,549,0.0564
SP0210,헤어세럼,P1103,303,0.2123
SP0211,헤어세럼,P0335,418,0.2311
SP0212,헤어세럼,P1200,113,0.2616
SP0213,헤어세럼,P1437,575,0.3345
SP0214,헤어세럼,P0992,572,0.2251
SP0215,아데노신,P0361,620,0.3037
SP0216,아데노신,P0169,709,0.1474
SP0217,아데노신,P0264,458,0.1436
SP0218,아데노신,P1331,105,0.0369
SP0219,아데노신,P0386,496,0.3469
SP0220,아데노신,P0450,566,0.1665
SP0221,아데노신,P1418,535,0.182
SP0222,아데노신,P1334,602,0.2635
SP0223,아데노신,P0537,360,0.1282
SP0224,헤어오일,P1927,404,0.2965
SP0225,헤어오일,P1933,317,0.3234
SP0226,헤어오일,P1934,177,0.1829
SP0227,헤어오일,P1946,712,0.3124
SP0228,헤어오일,P1966,344,0.1551
SP0229,헤어오일,P1917,472,0.2416
SP0230,헤어오일,P1944,644,0.1897
SP0231,헤어오일,P1924,506,0.3433
SP0232,헤어오일,P1958,674,0.3238
SP0233,헤어오일,P1961,82,0.3236
SP0234,헤어오일,P1957,428,0.3327
SP0235,토너추천,P0028,643,0.0592
SP0236,토너추천,P0033,568,0.1814
SP0237,토너추천,P0070,754,0.0884
SP0238,토너추천,P0118,359,0.0538
SP0239,토너추천,P0141,338,0.1328
SP0240,토너추천,P0102,447,0.0378
SP0241,토너추천,P0057,751,0.246
SP0242,토너추천,P0152,686,0.1914
SP0243,토너추천,P0046,396,0.2671
SP0244,토너추천,P0020,176,0.1604
SP0245,토너추천,P0010,18,0.0871
SP0246,헤어에센스,P1941,619,0.2904
SP0247,헤어에센스,P1957,278,0.0308
SP0248,헤어에센스,P1944,13,0.2734
SP0249,헤어에센스,P1927,269,0.0693
SP0250,헤어에센스,P1951,203,0.0811
SP0251,헤어에센스,P1913,704,0.0304
SP0252,헤어에센스,P1963,542,0.1589
SP0253,헤어에센스,P1920,631,0.1796
SP0254,헤어에센스,P1938,386,0.2428
SP0255,헤어에센스,P1922,630,0.2785
SP0256,헤어에센스,P1968,413,0.1511
SP0257,병풀추출물,P0058,287,0.1706
SP0258,병풀추출물,P0843,657,0.0885
SP0259,병풀추출물,P0805,367,0.105
SP0260,병풀추출물,P0030,477,0.3357
SP0261,병풀추출물,P0094,135,0.0627
SP0262,병풀추출물,P0562,629,0.1738
SP0263,병풀추출물,P0820,589,0.3435
SP0264,병풀추출물,P0057,94,0.3302
SP0265,병풀추출물,P0567,300,0.1769
SP0266,저자극클렌저,P0587,210,0.0315
SP0267,저자극클렌저,P0603,433,0.1643
SP0268,저자극클렌저,P0576,617,0.3267
SP0269,저자극클렌저,P0600,325,0.2812
SP0270,저자극클렌저,P0563,11,0.1568
SP0271,저자극클렌저,P0614,479,0.0882
SP0272,입술보습,P1080,213,0.2222
SP0273,입술보습,P0638,774,0.0526
SP0274,입술보습,P0647,20,0.0651
SP0275,입술보습,P1611,541,0.2354
SP0276,입술보습,P0287,369,0.1166
SP0277,입술보습,P1603,42,0.0418
SP0278,입술보습,P0468,218,0.2584
SP0279,입술보습,P0974,362,0.2121
SP0280,입술보습,P1698,78,0.1252
SP0281,입술보습,P1174,645,0.197
SP0282,입술보습,P1949,792,0.1223
SP0283,입술보습,P1419,486,0.0562
SP0284,아이섀도우,P1221,246,0.3159
SP0285,아이섀도우,P1259,676,0.0629
SP0286,아이섀도우,P1213,655,0.2277
SP0287,아이섀도우,P1261,137,0.2305
SP0288,아이섀도우,P1252,712,0.1202
SP0289,아이섀도우,P1202,295,0.1864
SP0290,아이섀도우,P1250,494,0.1046
SP0291,아이섀도우,P1225,681,0.0584
SP0292,아이섀도우,P1256,710,0.2055
SP0293,아이섀도우,P1235,87,0.0747
SP0294,아이섀도우,P1204,559,0.2946
SP0295,시트마스크,P0845,110,0.2569
SP0296,시트마스크,P0836,240,0.3101
SP0297,시트마스크,P0830,154,0.2665
SP0298,시트마스크,P0763,190,0.2338
SP0299,시트마스크,P0773,352,0.1089
SP0300,시트마스크,P0771,15,0.1538
SP0301,시트마스크,P0795,381,0.2967
SP0302,시트마스크,P0834,630,0.1615
SP0303,시트마스크,P0820,539,0.3372
SP0304,미백세럼,P0290,409,0.2605
SP0305,미백세럼,P1351,704,0.0832
SP0306,미백세럼,P1285,166,0.3499
SP0307,미백세럼,P0246,465,0.1791
SP0308,미백세럼,P0168,15,0.2359
SP0309,미백세럼,P1413,648,0.1084
SP0310,미백세럼,P1336,213,0.1564
SP0311,탈모샴푸,P0916,203,0.3246
SP0312,탈모샴푸,P0878,550,0.1545
SP0313,탈모샴푸,P0879,797,0.2703
SP0314,탈모샴푸,P0915,592,0.0544
SP0315,탈모샴푸,P0917,189,0.2024
SP0316,탈모샴푸,P0900,54,0.1386
SP0317,탈모샴푸,P0857,438,0.081
SP0318,탈모샴푸,P0919,708,0.2441
SP0319,탈모샴푸,P0893,761,0.2837
SP0320,탈모샴푸,P0889,672,0.0846
SP0321,안티에이징,P0423,449,0.1806
SP0322,안티에이징,P0342,221,0.2547
SP0323,안티에이징,P0187,274,0.3334
SP0324,안티에이징,P0478,353,0.2951
SP0325,안티에이징,P1290,313,0.2858
SP0326,안티에이징,P0422,401,0.1567
SP0327,안티에이징,P0196,629,0.2592
SP0328,안티에이징,P0181,611,0.2953
SP0329,안티에이징,P0271,130,0.1739
SP0330,안티에이징,P0177,549,0.0939
SP0331,안티에이징,P1490,82,0.0517
SP0332,안티에이징,P0331,283,0.1659
SP0333,자외선차단제,P0662,99,0.0446
SP0334,자외선차단제,P0692,137,0.3381
SP0335,자외선차단제,P0668,270,0.1036
SP0336,자외선차단제,P0682,51,0.1332
SP0337,자외선차단제,P0748,603,0.0899
SP0338,자외선차단제,P0687,15,0.1711
SP0339,자외선차단제,P0736,505,0.2298
SP0340,자외선차단제,P0726,305,0.2849
SP0341,자외선차단제,P0660,129,0.1715
SP0342,자외선차단제,P0703,587,0.2023
SP0343,자외선차단제,P0752,171,0.0538
SP0344,트러블케어,P0281,208,0.0433
SP0345,트러블케어,P1584,110,0.3171
SP0346,트러블케어,P0587,565,0.1145
SP0347,트러블케어,P1632,420,0.2474
SP0348,트러블케어,P1566,145,0.3045
SP0349,트러블케어,P0835,390,0.0597
SP0350,어성초,P0076,109,0.0778
SP0351,어성초,P1619,589,0.2185
SP0352,어성초,P1614,308,0.1718
SP0353,어성초,P1560,507,0.2383
SP0354,어성초,P0111,215,0.2126
SP0355,어성초,P0066,520,0.1033
SP0356,어성초,P1535,54,0.1242
SP0357,어성초,P0012,202,0.105
SP0358,어성초,P0118,211,0.192
SP0359,어성초,P0148,720,0.1271
SP0360,약산성클렌저,P1946,497,0.2698
SP0361,약산성클렌저,P1732,63,0.0729
SP0362,약산성클렌저,P1839,581,0.2995
SP0363,약산성클렌저,P1731,330,0.0726
SP0364,약산성클렌저,P1644,441,0.1498
SP0365,약산성클렌저,P0508,27,0.2265
SP0366,약산성클렌저,P1642,413,0.3212
SP0367,약산성클렌저,P1820,560,0.1928
SP0368,약산성클렌저,P1031,187,0.233
SP0369,약산성클렌저,P0887,12,0.2023
SP0370,약산성클렌저,P0411,319,0.2415
SP0371,약산성클렌저,P1274,274,0.3041
SP0372,앰플추천,P1406,463,0.1885
SP0373,앰플추천,P1291,172,0.2115
SP0374,앰플추천,P1419,292,0.1101
SP0375,앰플추천,P1418,755,0.1159
SP0376,앰플추천,P1383,597,0.1332
SP0377,앰플추천,P1287,661,0.2803
SP0378,앰플추천,P1384,512,0.3247
SP0379,앰플추천,P1337,596,0.2583
SP0380,앰플추천,P1380,304,0.041
SP0381,앰플추천,P1372,161,0.2222
SP0382,AHA,P0634,591,0.3001
SP0383,AHA,P1623,325,0.2633
SP0384,AHA,P1542,242,0.3101
SP0385,AHA,P1533,589,0.1378
SP0386,AHA,P1621,785,0.2062
SP0387,AHA,P1565,348,0.1829
SP0388,AHA,P1596,409,0.3297
SP0389,AHA,P0603,367,0.1435
SP0390,AHA,P0604,730,0.2359
SP0391,아이메이크업,P0687,78,0.2149
SP0392,아이메이크업,P1709,329,0.2712
SP0393,아이메이크업,P0765,31,0.1891
SP0394,아이메이크업,P0239,674,0.0767
SP0395,아이메이크업,P0012,438,0.3448
SP0396,아이메이크업,P0561,514,0.2817
SP0397,아이메이크업,P0002,17,0.2425
SP0398,아이메이크업,P0599,375,0.2804
SP0399,아이메이크업,P0072,319,0.2595
SP0400,아이메이크업,P0609,193,0.1213
SP0401,아이메이크업,P1410,391,0.0485
SP0402,아이메이크업,P0812,144,0.2126
SP0403,세럼,P1431,87,0.1803
SP0404,세럼,P0245,114,0.0692
SP0405,세럼,P0174,481,0.312
SP0406,세럼,P0334,263,0.1895
SP0407,세럼,P0351,34,0.3133
SP0408,세럼,P1347,209,0.1809
SP0409,세럼,P0170,450,0.3297
SP0410,세럼,P1396,274,0.0449
SP0411,세럼,P0221,446,0.0759
SP0412,세럼,P0179,94,0.0853
SP0413,팩추천,P0821,452,0.1393
SP0414,팩추천,P0834,651,0.1994
SP0415,팩추천,P0792,17,0.1125
SP0416,팩추천,P0798,596,0.1698
SP0417,팩추천,P0762,680,0.1797
SP0418,팩추천,P0775,138,0.3447
SP0419,팩추천,P0814,735,0.0383
SP0420,팩추천,P0810,703,0.1048
SP0421,팩추천,P0833,203,0.2685
SP0422,팩추천,P0777,608,0.3204
SP0423,나이트크림,P0514,596,0.2508
SP0424,나이트크림,P0365,758,0.3426
SP0425,나이트크림,P0433,606,0.2032
SP0426,나이트크림,P0405,277,0.0764
SP0427,나이트크림,P0531,396,0.2192
SP0428,나이트크림,P0445,746,0.2504
SP0429,나이트크림,P0371,42,0.0642
SP0430,나이트크림,P0519,509,0.087
SP0431,수분미스트,P0855,730,0.276
SP0432,수분미스트,P1686,618,0.3358
SP0433,수분미스트,P0895,713,0.2755
SP0434,수분미스트,P0067,497,0.2529
SP0435,수분미스트,P0010,696,0.1477
SP0436,수분미스트,P1116,455,0.1914
SP0437,세라마이드,P0381,797,0.2848
SP0438,세라마이드,P0051,133,0.2796
SP0439,세라마이드,P1594,581,0.1218
SP0440,세라마이드,P1613,664,0.0394
SP0441,세라마이드,P1599,721,0.0885
SP0442,스킨,P0849,286,0.0629
SP0443,스킨,P1746,627,0.2091
SP0444,스킨,P1882,286,0.3121
SP0445,스킨,P0146,319,0.0337
SP0446,스킨,P1238,613,0.3085
SP0447,스킨,P0431,293,0.0698
SP0448,스킨,P1130,642,0.2888
SP0449,EGF,P0259,628,0.206
SP0450,EGF,P1321,524,0.0456
SP0451,EGF,P0182,637,0.1307
SP0452,EGF,P0201,751,0.3236
SP0453,EGF,P0343,545,0.0623
SP0454,EGF,P1412,106,0.1446
SP0455,장벽크림,P0839,677,0.3476
SP0456,장벽크림,P0157,42,0.3368
SP0457,장벽크림,P0240,132,0.1178
SP0458,장벽크림,P1221,140,0.1745
SP0459,장벽크림,P0378,767,0.2765
SP0460,장벽크림,P1129,689,0.2311
SP0461,장벽크림,P0033,648,0.1282
SP0462,장벽크림,P0982,105,0.0482
SP0463,장벽크림,P1274,627,0.0925
SP0464,장벽크림,P1140,438,0.3118
SP0465,장벽크림,P0566,57,0.1503
SP0466,BHA,P0550,235,0.0674
SP0467,BHA,P0606,677,0.3126
SP0468,BHA,P1632,41,0.1473
SP0469,BHA,P1539,713,0.2677
SP0470,BHA,P0613,670,0.0662
SP0471,BHA,P1567,755,0.0779
SP0472,BHA,P0612,612,0.0305
SP0473,쿠션파운데이션,P1449,338,0.1784
SP0474,쿠션파운데이션,P0561,747,0.1257
SP0475,쿠션파운데이션,P0406,344,0.0923
SP0476,쿠션파운데이션,P1444,412,0.2058
SP0477,쿠션파운데이션,P0066,529,0.0817
SP0478,쿠션파운데이션,P0161,329,0.0618
SP0479,쿠션파운데이션,P0445,781,0.1086
SP0480,수분크림,P0379,385,0.3262
SP0481,수분크림,P0386,659,0.2634
SP0482,수분크림,P0450,186,0.1854
SP0483,수분크림,P0378,490,0.2423
SP0484,수분크림,P0362,151,0.1434
SP0485,더마코스메틱,P0421,443,0.2483
SP0486,더마코스메틱,P0520,351,0.2916
SP0487,더마코스메틱,P0278,691,0.309
SP0488,더마코스메틱,P0389,566,0.2267
SP0489,더마코스메틱,P0462,232,0.0551
SP0490,마스크팩,P0821,279,0.0365
SP0491,마스크팩,P0823,415,0.3449
SP0492,마스크팩,P0849,439,0.0769
SP0493,마스크팩,P0770,690,0.0689
SP0494,마스크팩,P0829,113,0.0962
SP0495,마스크팩,P0832,437,0.3472
SP0496,나이아신아마이드,P0254,452,0.0831
SP0497,나이아신아마이드,P0326,102,0.1547
SP0498,나이아신아마이드,P1142,551,0.2427
SP0499,나이아신아마이드,P1327,67,0.1327
SP0500,나이아신아마이드,P0452,744,0.1859
SP0501,나이아신아마이드,P1338,637,0.3069
SP0502,탄력세럼,P1280,777,0.3459
SP0503,탄력세럼,P0311,528,0.0544
SP0504,탄력세럼,P1373,382,0.1516
SP0505,탄력세럼,P0274,556,0.1411
SP0506,탄력세럼,P1315,523,0.1661
SP0507,탄력세럼,P1393,219,0.0801
SP0508,탄력세럼,P0198,445,0.0628
SP0509,탄력세럼,P1350,273,0.2957
SP0510,탄력세럼,P1345,665,0.3399
SP0511,탄력세럼,P1371,616,0.2553
SP0512,눈가크림,P0536,124,0.2293
SP0513,눈가크림,P0111,657,0.3228
SP0514,눈가크림,P0011,421,0.1529
SP0515,눈가크림,P1690,426,0.1343
SP0516,눈가크림,P0951,253,0.241
SP0517,눈가크림,P0985,335,0.1233
SP0518,눈가크림,P1967,637,0.3102
SP0519,눈가크림,P0073,313,0.1899
SP0520,눈가크림,P1321,334,0.0642
SP0521,슬리핑팩,P0190,433,0.2209
SP0522,슬리핑팩,P1060,311,0.0544
SP0523,슬리핑팩,P1626,228,0.2779
SP0524,슬리핑팩,P1725,771,0.2916
SP0525,슬리핑팩,P1938,265,0.0597
SP0526,슬리핑팩,P1677,288,0.1719
SP0527,슬리핑팩,P0299,88,0.3372
SP0528,슬리핑팩,P1475,304,0.3408
SP0529,립컬러,P0155,235,0.1999
SP0530,립컬러,P0160,761,0.3417
SP0531,립컬러,P1871,581,0.039
SP0532,립컬러,P0620,716,0.33
SP0533,립컬러,P0170,66,0.0814
SP0534,판테놀,P0306,643,0.2038
SP0535,판테놀,P0220,426,0.2311
SP0536,판테놀,P0278,480,0.1054
SP0537,판테놀,P0167,476,0.1182
SP0538,판테놀,P0009,197,0.221
SP0539,판테놀,P0121,352,0.0919
SP0540,미스트,P1707,395,0.0961
SP0541,미스트,P1661,672,0.0867
SP0542,미스트,P1675,321,0.0495
SP0543,미스트,P1688,752,0.3317
SP0544,미스트,P1698,436,0.0966
SP0545,미스트,P1689,744,0.2391
SP0546,미스트,P1660,382,0.3289
SP0547,바디클렌저,P1856,25,0.1306
SP0548,바디클렌저,P1901,125,0.2539
SP0549,바디클렌저,P1865,763,0.2732
SP0550,바디클렌저,P1879,624,0.08
SP0551,바디클렌저,P1871,741,0.0802
SP0552,바디클렌저,P1855,428,0.0426
SP0553,바디클렌저,P1878,800,0.2704
SP0554,바디클렌저,P1859,286,0.1479
SP0555,바디클렌저,P1883,81,0.2261
SP0556,바디클렌저,P1861,12,0.2457
SP0557,바디클렌저,P1875,72,0.3174
SP0558,토너,P0149,282,0.1013
SP0559,토너,P0025,688,0.3117
SP0560,토너,P0048,487,0.1933
SP0561,토너,P0138,394,0.3318
SP0562,토너,P0016,134,0.0916
SP0563,립스틱,P1839,429,0.1775
SP0564,립스틱,P1814,371,0.2994
SP0565,립스틱,P1785,637,0.055
SP0566,립스틱,P1823,39,0.3456
SP0567,립스틱,P1807,309,0.3267
SP0568,립스틱,P1791,508,0.2036
SP0569,립스틱,P1824,595,0.1005
SP0570,립스틱,P1797,623,0.0925
SP0571,립스틱,P1835,339,0.3065
SP0572,립스틱,P1831,194,0.1959
SP0573,립스틱,P1811,224,0.3061
SP0574,립스틱,P1782,58,0.3384
SP0575,스킨토너,P0124,117,0.0982
SP0576,스킨토너,P0120,348,0.306
SP0577,스킨토너,P0031,587,0.2841
SP0578,스킨토너,P0016,642,0.0935
SP0579,스킨토너,P0104,690,0.309
SP0580,스킨토너,P0042,40,0.2525
SP0581,미백앰플,P1329,134,0.0832
SP0582,미백앰플,P1411,529,0.2385
SP0583,미백앰플,P1424,397,0.1543
SP0584,미백앰플,P1286,486,0.2749
SP0585,미백앰플,P1299,136,0.1707
SP0586,미백앰플,P1364,787,0.3095
SP0587,미백앰플,P1400,579,0.2254
SP0588,미백앰플,P1413,70,0.231
SP0589,미백앰플,P1335,468,0.3185
SP0590,수분세럼,P0287,419,0.153
SP0591,수분세럼,P0318,156,0.1248
SP0592,수분세럼,P0251,657,0.1581
SP0593,수분세럼,P0237,16,0.1556
SP0594,수분세럼,P0333,659,0.2534
SP0595,수분세럼,P0168,372,0.2102
SP0596,수분세럼,P0280,670,0.3492
SP0597,수분세럼,P0247,132,0.305
SP0598,수분세럼,P0321,769,0.0542
SP0599,수분세럼,P0266,549,0.2421
SP0600,수분세럼,P0302,335,0.3248
SP0601,수분세럼,P0354,171,0.3145
SP0602,선크림추천,P0682,514,0.3464
SP0603,선크림추천,P0692,794,0.0852
SP0604,선크림추천,P0732,697,0.1402
SP0605,선크림추천,P0713,799,0.0311
SP0606,선크림추천,P0729,289,0.2761
SP0607,선크림추천,P0717,408,0.15
SP0608,선크림추천,P0744,583,0.2377
SP0609,비타민C,P1307,132,0.034
SP0610,비타민C,P0322,415,0.1293
SP0611,비타민C,P0228,45,0.178
SP0612,비타민C,P0186,312,0.285
SP0613,비타민C,P0286,161,0.2287
SP0614,바디로션,P1037,160,0.3351
SP0615,바디로션,P1002,239,0.1543
SP0616,바디로션,P1048,589,0.339
SP0617,바디로션,P1033,348,0.2445
SP0618,바디로션,P1067,268,0.1239
SP0619,바디로션,P1013,109,0.3362
SP0620,글루타치온,P1353,538,0.3444
SP0621,글루타치온,P1419,675,0.3214
SP0622,글루타치온,P1375,383,0.2921
SP0623,글루타치온,P1393,115,0.0881
SP0624,글루타치온,P1298,584,0.1936
SP0625,앰플,P1306,357,0.0347
SP0626,앰플,P1402,499,0.1593
SP0627,앰플,P1394,726,0.1878
SP0628,앰플,P1313,262,0.3411
SP0629,앰플,P1281,786,0.2581
SP0630,앰플,P1286,658,0.2856
SP0631,앰플,P1392,601,0.1176
SP0632,토너패드,P1618,30,0.0701
SP0633,토너패드,P1594,592,0.3234
SP0634,토너패드,P1626,357,0.3468
SP0635,토너패드,P1640,244,0.0999
SP0636,토너패드,P1633,647,0.2498
SP0637,토너패드,P1540,27,0.3399
SP0638,토너패드,P1609,661,0.1049
SP0639,토너패드,P1535,772,0.2869
SP0640,토너패드,P1556,72,0.2543
SP0641,바디워시,P1858,236,0.0885
SP0642,바디워시,P1851,364,0.1198
SP0643,바디워시,P1843,292,0.1163
SP0644,바디워시,P1872,157,0.2626
SP0645,바디워시,P1855,489,0.122
SP0646,바디워시,P1887,641,0.3009
SP0647,바디워시,P1853,533,0.1708
SP0648,아이크림,P1461,563,0.2605
SP0649,아이크림,P1477,231,0.156
SP0650,아이크림,P1509,723,0.2916
SP0651,아이크림,P1457,97,0.3311
SP0652,아이크림,P1495,143,0.0831
SP0653,아이크림,P1519,440,0.0585
SP0654,아이크림,P1438,693,0.1208
SP0655,아이크림,P1476,26,0.1975
SP0656,세럼추천,P1435,22,0.1405
SP0657,세럼추천,P0306,53,0.125
SP0658,세럼추천,P0239,162,0.3101
SP0659,세럼추천,P1328,300,0.3047
SP0660,세럼추천,P0308,487,0.2246
SP0661,세럼추천,P1384,733,0.2402
SP0662,세럼추천,P0229,284,0.1919
SP0663,세럼추천,P0196,133,0.3286
SP0664,세럼추천,P1433,437,0.0567
SP0665,세럼추천,P0344,296,0.3279
SP0666,선케어,P0735,503,0.3427
SP0667,선케어,P0682,245,0.1118
SP0668,선케어,P0702,695,0.1529
SP0669,선케어,P0653,712,0.3131
SP0670,선케어,P0737,410,0.073
SP0671,선케어,P0685,660,0.0905
SP0672,각질패드,P1580,761,0.0579
SP0673,각질패드,P1504,249,0.1295
SP0674,각질패드,P1416,219,0.0686
SP0675,각질패드,P1572,262,0.2129
SP0676,각질패드,P1336,355,0.3183
SP0677,각질패드,P0443,442,0.2987
SP0678,각질패드,P1374,758,0.2139
SP0679,각질패드,P1839,622,0.3061
SP0680,각질패드,P0974,475,0.0877
SP0681,각질패드,P0656,16,0.2538
SP0682,각질패드,P0186,101,0.1703
SP0683,각질패드,P0635,477,0.1989
SP0684,손상모트리트먼트,P1421,324,0.0407
SP0685,손상모트리트먼트,P1901,781,0.1866
SP0686,손상모트리트먼트,P1331,380,0.1728
SP0687,손상모트리트먼트,P0833,455,0.1361
SP0688,손상모트리트먼트,P0830,565,0.1132
SP0689,손상모트리트먼트,P1733,385,0.0607
SP0690,손상모트리트먼트,P0672,580,0.0364
SP0691,손상모트리트먼트,P0998,477,0.1724
SP0692,손상모트리트먼트,P0205,313,0.1289
SP0693,손상모트리트먼트,P0069,603,0.2263
SP0694,바디크림,P1064,537,0.1541
SP0695,바디크림,P1005,299,0.3176
SP0696,바디크림,P1015,221,0.0768
SP0697,바디크림,P1045,633,0.0854
SP0698,바디크림,P1046,132,0.2332
SP0699,바디크림,P1010,278,0.1014
SP0700,바디크림,P0990,198,0.3318
SP0701,바디크림,P1058,233,0.0915
SP0702,바디크림,P1056,781,0.2072
SP0703,샤워젤,P1140,678,0.2116
SP0704,샤워젤,P1122,570,0.2101
SP0705,샤워젤,P0547,729,0.0705
SP0706,샤워젤,P1410,431,0.1799
SP0707,샤워젤,P0453,797,0.3484
SP0708,무기자차,P0263,517,0.243
SP0709,무기자차,P0974,722,0.3336
SP0710,무기자차,P1583,792,0.11
SP0711,무기자차,P1309,22,0.1428
SP0712,무기자차,P0032,333,0.2164
SP0713,무기자차,P0016,458,0.3159
SP0714,무기자차,P0123,630,0.0991
SP0715,무기자차,P1381,309,0.03
SP0716,무기자차,P0062,598,0.2965
SP0717,글로우쿠션,P0509,742,0.1989
SP0718,글로우쿠션,P0708,693,0.2414
SP0719,글로우쿠션,P0293,222,0.1075
SP0720,글로우쿠션,P0908,390,0.0636
SP0721,글로우쿠션,P1390,246,0.2424
SP0722,글로우쿠션,P1662,676,0.2188
SP0723,글로우쿠션,P1574,279,0.168
SP0724,글로우쿠션,P1143,414,0.1523
SP0725,글로우쿠션,P0773,581,0.161
SP0726,글로우쿠션,P0096,365,0.2547
SP0727,글로우쿠션,P1526,673,0.2103
SP0728,글로우쿠션,P0128,740,0.3197
SP0729,패드,P1436,393,0.2912
SP0730,패드,P0820,709,0.1463
SP0731,패드,P0954,466,0.2929
SP0732,패드,P0606,92,0.1487
SP0733,패드,P0431,57,0.2867
SP0734,패드,P0544,660,0.1486
SP0735,패드,P0009,96,0.2288
SP0736,비건,P0602,576,0.2493
SP0737,비건,P0055,561,0.1623
SP0738,비건,P0014,308,0.2629
SP0739,비건,P0079,720,0.15
SP0740,비건,P0156,25,0.0557
SP0741,집중앰플,P1416,341,0.2093
SP0742,집중앰플,P1314,123,0.2037
SP0743,집중앰플,P1304,672,0.2387
SP0744,집중앰플,P1345,268,0.035
SP0745,집중앰플,P1285,760,0.1405
SP0746,집중앰플,P1353,761,0.2456
SP0747,집중앰플,P1375,352,0.1054
SP0748,집중앰플,P1355,386,0.0586
SP0749,집중앰플,P1322,259,0.1238
SP0750,집중앰플,P1357,281,0.0643
SP0751,집중앰플,P1393,597,0.0844
SP0752,집중앰플,P1287,30,0.0461
SP0753,진정토너,P0133,385,0.0638
SP0754,진정토너,P0141,454,0.278
SP0755,진정토너,P0155,712,0.0388
SP0756,진정토너,P0079,158,0.1595
SP0757,진정토너,P0020,683,0.093
SP0758,진정토너,P0013,625,0.2148
SP0759,진정토너,P0036,224,0.3051
SP0760,진정토너,P0095,693,0.3266
SP0761,진정토너,P0033,402,0.3066
SP0762,진정토너,P0048,583,0.1366
SP0763,더블클렌징,P1761,57,0.101
SP0764,더블클렌징,P1736,391,0.2687
SP0765,더블클렌징,P1726,783,0.244
SP0766,더블클렌징,P1752,566,0.3181
SP0767,더블클렌징,P1755,599,0.0945
SP0768,더블클렌징,P1730,721,0.1438
SP0769,더블클렌징,P1718,660,0.0722
SP0770,더블클렌징,P1779,59,0.2035
SP0771,더블클렌징,P1778,798,0.0735
SP0772,탄력앰플,P1384,46,0.0827
SP0773,탄력앰플,P1408,67,0.0448
SP0774,탄력앰플,P1328,733,0.0447
SP0775,탄력앰플,P1385,423,0.1531
SP0776,탄력앰플,P1403,150,0.2081
SP0777,탄력앰플,P1360,131,0.1934
SP0778,콜라겐,P0284,92,0.343
SP0779,콜라겐,P0260,573,0.3256
SP0780,콜라겐,P0170,765,0.3304
SP0781,콜라겐,P0339,629,0.1031
SP0782,콜라겐,P0396,408,0.3321
SP0783,콜라겐,P0909,687,0.2835
SP0784,콜라겐,P0241,641,0.3307
SP0785,콜라겐,P0902,389,0.2722
SP0786,콜라겐,P0338,716,0.2657
SP0787,수분토너,P0023,701,0.1954
SP0788,수분토너,P0010,365,0.3433
SP0789,수분토너,P0070,357,0.27
SP0790,수분토너,P0037,534,0.1631
SP0791,수분토너,P0005,478,0.0469
SP0792,수분토너,P0076,767,0.1688
SP0793,수분토너,P0054,789,0.1619
SP0794,수분토너,P0004,620,0.0985
SP0795,수분토너,P0026,129,0.33
SP0796,에센스,P0163,785,0.2383
SP0797,에센스,P0229,363,0.3364
SP0798,에센스,P0271,704,0.2407
SP0799,에센스,P0254,19,0.1735
SP0800,에센스,P0309,255,0.2243
SP0801,에센스,P0220,399,0.0674
SP0802,클렌저,P0570,18,0.2772
SP0803,클렌저,P0556,529,0.0374
SP0804,클렌저,P0592,472,0.2424
SP0805,클렌저,P0609,186,0.2089
SP0806,클렌저,P1767,381,0.3273
SP0807,클렌저,P1742,795,0.2484
SP0808,클렌저,P0544,712,0.0824
SP0809,펩타이드,P1279,563,0.2353
SP0810,펩타이드,P1398,380,0.0948
SP0811,펩타이드,P1438,679,0.0435
SP0812,펩타이드,P0341,682,0.0969
SP0813,펩타이드,P0314,457,0.1826
SP0814,펩타이드,P1336,483,0.2982
SP0815,펩타이드,P0166,147,0.1928
SP0816,펩타이드,P1339,26,0.0994
SP0817,펩타이드,P1521,269,0.1012
SP0818,펩타이드,P0234,697,0.0925
SP0819,크림,P0361,575,0.2597
SP0820,크림,P0505,710,0.1152
SP0821,크림,P0461,705,0.2391
SP0822,크림,P0434,93,0.1942
SP0823,크림,P0510,666,0.2926
SP0824,크림,P0459,676,0.2745
SP0825,크림,P0521,662,0.3431
SP0826,크림,P0385,733,0.0994
SP0827,크림,P0523,645,0.0972
SP0828,크림,P0405,17,0.2899
SP0829,크림,P0424,94,0.0944
SP0830,선블록,P0968,157,0.3101
SP0831,선블록,P1172,203,0.1972
SP0832,선블록,P1936,700,0.0577
SP0833,선블록,P1104,167,0.3194
SP0834,선블록,P1901,109,0.2698
SP0835,선블록,P0220,645,0.1699
SP0836,선블록,P0719,448,0.093
SP0837,선블록,P0413,576,0.345
SP0838,선블록,P1295,524,0.2668
SP0839,선블록,P1623,415,0.1921
SP0840,선블록,P1769,232,0.0699
SP0841,선크림,P0727,576,0.0528
SP0842,선크림,P0704,542,0.2769
SP0843,선크림,P0745,616,0.1877
SP0844,선크림,P0729,773,0.2347
SP0845,선크림,P0695,13,0.2211
SP0846,선크림,P0712,383,0.0579
SP0847,선크림,P0711,457,0.2462
SP0848,선크림,P0698,786,0.0414
SP0849,선크림,P0670,200,0.1889
SP0850,선크림,P0651,212,0.2483
SP0851,손상모샴푸,P1316,25,0.2769
SP0852,손상모샴푸,P1960,24,0.2846
SP0853,손상모샴푸,P0620,482,0.1318
SP0854,손상모샴푸,P1250,104,0.3025
SP0855,손상모샴푸,P0197,587,0.2561
SP0856,손상모샴푸,P1387,408,0.0605
